group,names,scores,logfoldchanges,pvals,pvals_adj
0,IGHD,47.084415,2.9858024,0.0,0.0
0,LAPTM5,45.12192,1.4664747,0.0,0.0
0,YBX3,44.874832,3.0577443,0.0,0.0
0,LY9,44.105698,2.5676904,0.0,0.0
0,AFF3,43.152954,2.4110339,0.0,0.0
0,IGHM,42.992245,3.086052,0.0,0.0
0,EIF2AK3,41.66618,2.1674457,0.0,0.0
0,FCER2,41.183647,2.3010683,0.0,0.0
0,COL19A1,41.08713,2.4970496,0.0,0.0
0,FCRL1,40.811424,2.238912,0.0,0.0
0,ZNF318,39.54511,1.9873815,0.0,0.0
0,CD79A,39.47178,2.1561625,0.0,0.0
0,CD72,39.38253,2.1964085,0.0,0.0
0,CD37,38.9331,1.4641557,0.0,0.0
0,CD74,38.877834,2.579366,0.0,0.0
0,LYN,38.461487,2.314762,0.0,0.0
0,MGAT5,38.43866,1.5972855,0.0,0.0
0,PHACTR1,37.98039,2.3301628,0.0,0.0
0,RUBCNL,37.290802,2.1516871,2.313159789836995e-304,4.70009720244458e-301
0,BCL11A,36.96177,2.058315,4.7133114578337566e-299,9.098105107056501e-296
0,BACH2,36.883358,1.578657,8.542714867263036e-298,1.570476429359794e-294
0,SNX2,36.6118,1.6512916,1.8561599787439875e-293,3.257223279063199e-290
0,CD22,36.48638,1.8951546,1.8234399004295676e-291,3.0606835128688643e-288
0,CHPT1,36.3693,1.9453474,1.30179420836518e-289,2.094044467006089e-286
0,PLEKHA2,35.946056,1.6283786,5.832964717617471e-283,9.007497435533603e-280
0,HLA-DPB1,35.934116,2.1017036,8.961281718721124e-283,1.330612469357491e-279
0,PLEKHG1,35.49405,1.9181758,6.072250632779885e-276,8.682418812188898e-273
0,HLA-DPA1,35.47944,2.0461507,1.020260338391178e-275,1.406720379426065e-272
0,HLA-DMB,35.42502,1.7889433,7.035202290265348e-275,9.365552400620138e-272
0,IRF8,35.40468,1.8342478,1.4466099669677224e-274,1.8615941461585296e-271
0,TCL1A,35.100475,2.2814288,6.629187918605583e-270,7.997700899552724e-267
0,HLA-DQB1,34.95548,2.0584059,1.0690056509165547e-267,1.2506070351298337e-264
0,HLA-DRB1,34.748734,2.4530542,1.448417666074202e-264,1.644635659307666e-261
0,NIBAN3,34.678642,1.8696308,1.6537394706001368e-263,1.824121885771111e-260
0,HLA-DQA1,34.498116,2.3394468,8.561079142722644e-261,9.180806149554177e-258
0,SNX9,34.48166,1.3653129,1.510744366296959e-260,1.5763188379800109e-257
0,RERE,34.440376,1.3382186,6.2745715894284876e-260,6.374634494249373e-257
0,CD83,34.347443,2.000649,1.537757858008007e-258,1.5222225606732593e-255
0,ADAM28,34.33818,2.0414963,2.1144230535332197e-258,2.0407354101175872e-255
0,PAX5,34.32686,1.7747886,3.1200079259177153e-258,2.937829902145837e-255
0,ZBTB16,34.287468,1.7930175,1.2065185935178828e-257,1.0832292284035207e-254
0,FCHSD2,34.049774,1.4899858,4.09006156847618e-254,3.5886572025588955e-251
0,HLA-DRA,34.04603,2.710386,4.647128628268084e-254,3.986823284953726e-251
0,MS4A1,34.022175,2.2776449,1.0472383283974624e-253,8.789061501328789e-251
0,HVCN1,33.936222,1.8852485,1.9478421840844183e-252,1.5999658586970863e-249
0,SNX29,33.919666,1.4272703,3.4172948120789097e-252,2.7485017398983e-249
0,GNA13,33.866108,1.3427817,2.102645879493725e-251,1.6566274861986682e-248
0,VAV3,33.624447,1.6532283,7.370246062656863e-248,5.6907143898986174e-245
0,VPS37B,33.394142,1.3508388,1.6674277620282092e-244,1.262210121193354e-241
0,PRKCE,33.34978,1.451566,7.338248653099664e-244,5.3452910849352e-241
0,HLA-DMA,32.856644,1.5745301,9.155058292003397e-237,6.545188526316355e-234
0,STRBP,32.74913,1.4792862,3.1242447896091295e-235,2.1538320419223223e-232
0,SIPA1L1,32.54329,1.4028682,2.6055273675063348e-232,1.7048981279652467e-229
0,CAMK2D,32.44295,1.517979,6.809655982380347e-231,4.381559647596261e-228
0,SSH2,32.39405,1.1455158,3.328814459471872e-230,2.1067575577437884e-227
0,SMAD3,32.217667,1.5144789,9.985497173226338e-228,6.217743610799613e-225
0,H3-3A,32.05334,0.809069,1.9723011816801884e-225,1.2086136415864341e-222
0,GPR18,32.043484,2.1445928,2.705824606062214e-225,1.632204136588091e-222
0,TLE1,31.862144,2.0244508,8.936862567123637e-223,5.307946404098079e-220
0,RALGPS2,31.859533,1.6202154,9.712904611494737e-223,5.681460536838876e-220
0,LINC00926,31.818382,1.6670513,3.605141455271747e-222,2.0773147913764338e-219
0,DNMBP,31.701984,2.3420265,1.4588646848038057e-220,8.282489709049372e-218
0,STAP1,31.639378,1.7026485,1.0616795463769017e-219,5.940173995279227e-217
0,TMEM123,31.222183,1.1466341,5.327585996986975e-214,2.8566220138844324e-211
0,ST6GALNAC3,31.203047,1.898351,9.687179418025725e-214,5.123058200168508e-211
0,TCF4,30.743532,1.8738923,1.4920867748793527e-207,7.579408161972669e-205
0,MEF2C,30.68224,1.8281169,9.822666267614702e-207,4.92485524581212e-204
0,TAPT1,30.664171,1.541221,1.7106435270288896e-206,8.466808205702219e-204
0,ZCCHC7,30.465525,1.2361032,7.461795589095564e-204,3.556420747069424e-201
0,FCRL5,30.130035,1.8510598,1.9590930691250565e-199,9.112379159836378e-197
0,KDM4B,30.035686,1.3330572,3.3579565481360524e-198,1.5433008392540529e-195
0,ST6GAL1,30.01243,1.5217986,6.75534984602219e-198,3.068200425359208e-195
0,PMEPA1,29.836218,1.4433872,1.3250982850923827e-195,5.813266408440514e-193
0,MANBA,29.765818,1.5506706,1.0825342974311522e-194,4.695766189508659e-192
0,BANK1,29.665386,2.2865274,2.14782314542127e-193,9.012919603492777e-191
0,TPD52,29.649601,1.3384415,3.4319934307259945e-193,1.424683208458148e-190
0,CDK14,29.598192,1.540625,1.5765126607045782e-192,6.474771040336271e-190
0,GAB1,29.579472,2.190233,2.744994068428114e-192,1.1155078000603763e-189
0,ENSG00000290680,29.562998,1.8734066,4.470295491411281e-192,1.7977107056398325e-189
0,GNG7,29.521986,1.4486729,1.5036030968742464e-191,5.9843403255595005e-189
0,INPP5D,29.383625,1.2809403,8.891075325699165e-190,3.46716014165598e-187
0,RAB30,29.276274,1.3300414,2.079574534634898e-188,7.948916285555928e-186
0,KHDRBS2,29.23349,1.8614026,7.280825019372788e-188,2.7557208891951557e-185
0,CD52,29.126467,0.93535054,1.659732622701172e-186,6.220935692427325e-184
0,TNFRSF13C,29.072853,1.4547868,7.914090431931064e-186,2.9378016847608716e-183
0,MICAL3,29.063456,1.3706028,1.0403785880910287e-185,3.825224359223072e-183
0,HDAC9,29.038275,1.7253935,2.1639389201111198e-185,7.881228863189613e-183
0,RBM38,28.977402,1.188065,1.2677827456940492e-184,4.574207540211632e-182
0,ARHGAP24,28.941635,1.733697,3.5761393501703414e-184,1.2783373680803352e-181
0,IL4R,28.716515,1.4115697,2.3733743761434408e-181,8.254638843729161e-179
0,ADAM7-AS1,28.638805,1.5792385,2.2099414566937123e-180,7.565693628523683e-178
0,EBF1,28.638733,1.6897013,2.214483189201617e-180,7.565693628523683e-178
0,OTUD1,28.55594,1.5130432,2.3702433540148233e-179,7.888415079749678e-177
0,SWAP70,28.479553,1.4761547,2.0990427093395823e-178,6.867427359047789e-176
0,TENT5C,28.428812,1.14609,8.908798250988455e-178,2.8901938258626914e-175
0,RASGEF1B,28.226055,1.1808959,2.801068613270881e-175,9.011504573661302e-173
0,SESTD1,28.210403,1.7526307,4.3588961159386276e-175,1.3907400285283195e-172
0,C12orf42,28.19282,1.723598,7.161823250765628e-175,2.2663061345824415e-172
0,USP12,28.07076,1.1603004,2.2292266829124158e-173,6.884922025641338e-171
0,RPL18A,27.999218,0.5292407,1.6608220193629595e-172,5.0887059428195564e-170
1,COL19A1,41.551464,2.933807,0.0,0.0
1,IGHM,41.223106,3.2866254,0.0,0.0
1,FCRL1,40.38753,2.539649,0.0,0.0
1,YBX3,40.149597,3.0455163,0.0,0.0
1,LINC00926,40.064945,2.4352252,0.0,0.0
1,IGHD,39.53271,2.7502625,0.0,0.0
1,HSPA4,38.1499,1.6124694,0.0,0.0
1,FCER2,37.651707,2.3487656,3.06773682540526e-310,1.4804130985199426e-306
1,TCL1A,37.632545,2.7549548,6.31441436384986e-310,2.7086031214531967e-306
1,SNX2,37.224747,1.8929293,2.715145536076314e-303,1.0482090856576218e-299
1,RUBCNL,37.0538,2.3962986,1.5598383209620778e-300,5.474465292641998e-297
1,ADAM28,36.916885,2.495779,2.4767201174795266e-298,7.968021404617883e-295
1,RERE,35.178707,1.5586518,4.232453073440781e-271,1.2569083334865753e-267
1,ZNF318,34.98779,1.9538977,3.450446956336135e-268,9.514853942593773e-265
1,HLA-DQA1,34.563175,2.4605782,9.036524738082342e-262,2.3257604935893794e-258
1,IL4R,34.378082,2.0090957,5.361013259128422e-259,1.293545486761949e-255
1,ST6GAL1,34.27329,2.0015945,1.9624682146442414e-257,4.4566498761503285e-254
1,HLA-DMB,33.969154,1.921185,6.361395083229827e-253,1.364377881017615e-249
1,CD22,33.952217,1.9774604,1.1312372031485424e-252,2.2985549191975063e-249
1,CD74,32.9817,2.4744945,1.4863604636531068e-238,2.8691216029895924e-235
1,HLA-DMA,32.557987,1.7440633,1.6140943140334238e-232,2.9673202422654455e-229
1,PLPP5,32.42991,2.185853,1.04001234104748e-230,1.8250325653854096e-227
1,HSP90AB1,32.31478,1.1657189,4.336717509167321e-229,7.279274615604938e-226
1,FCMR,32.30147,1.3144702,6.669906660491778e-229,1.0729100688956067e-225
1,AFF3,32.117844,2.0237596,2.4845922712718543e-226,3.836806768988848e-223
1,SMAP2,31.91727,0.82099694,1.538008030230925e-223,2.2837053082728878e-220
1,GAB1,31.869232,2.5556166,7.12833871052715e-223,1.0192468305874488e-219
1,HLA-DRB1,31.844822,2.4311197,1.552589543019616e-222,2.140688282064832e-219
1,CD37,31.838942,1.3593534,1.8726002207278808e-222,2.49288290073864e-219
1,LYN,31.833511,2.137999,2.2264122773362345e-222,2.865095745961422e-219
1,ELF1,31.473343,1.0210807,2.0125187864675848e-217,2.4279781334489867e-214
1,CD83,31.42254,2.0009105,9.960403100558718e-217,1.1652464306065753e-213
1,IRF8,30.985899,1.7907921,8.348992522439393e-211,9.48003545062633e-208
1,TPD52,30.823172,1.6147367,1.2822638453655603e-208,1.4143736575480805e-205
1,ZBTB16,30.626244,1.7075732,5.476193272842907e-206,5.872608819204812e-203
1,ATP6V0A1,30.560432,2.1808066,4.1098468339697365e-205,4.288236401952314e-202
1,ADAM7-AS1,30.304253,1.9006493,1.0076021337845695e-201,1.0236707362338706e-198
1,NIBAN3,30.299871,1.8329873,1.1508278291008909e-201,1.1392015171863845e-198
1,CD200,30.251476,2.2912173,4.989155441271225e-201,4.815283374142923e-198
1,CACYBP,30.148195,1.3271362,1.1326640941604166e-199,1.0665275614428547e-196
1,PALM2AKAP2,30.105291,1.8164055,4.131225190935418e-199,3.797382850506018e-196
1,LARGE1,30.06628,1.8633207,1.3376788829950023e-198,1.2009867664396526e-195
1,KHDRBS2,30.017614,2.1285198,5.7808814742499774e-198,5.072197958974878e-195
1,MTSS1,29.74403,1.8744568,2.0715744289202795e-194,1.7772267200643625e-191
1,SNX29,29.710682,1.3912745,5.588685385005103e-194,4.6903649559458046e-191
1,CD79A,29.628021,1.8707047,6.510718848562799e-193,5.347932167396073e-190
1,HLA-DRA,29.541292,2.6148233,8.496369228526111e-192,6.833558967426647e-189
1,HLA-DQB1,29.43065,1.95004,2.2269117838852464e-190,1.7545338026259962e-187
1,ZCCHC7,29.27568,1.3345433,2.11608962657214e-188,1.6338751224688806e-185
1,MEF2C,29.264196,1.9427501,2.9626419355674915e-188,2.2426618542062467e-185
1,STX7,29.227545,1.6337949,8.66461534170813e-188,6.432810382345848e-185
1,STAP1,29.060822,1.7723163,1.1232527389690374e-185,8.18194249823371e-183
1,ADK,29.048153,1.299811,1.6237320714466617e-185,1.1608481546346264e-182
1,FCRL5,29.022324,2.0472085,3.440256476532109e-185,2.4148098460545198e-182
1,FCHSD2,29.014719,1.4147079,4.290905693377908e-185,2.9581197356883486e-182
1,HLA-DOA,28.967196,1.991643,1.7045775990914884e-184,1.1545074173776493e-181
1,SESN1,28.803171,1.7120086,1.9575527727610688e-182,1.2809030905968445e-179
1,CARMIL1,28.665764,2.1030827,1.0197954034516485e-180,6.561703557609057e-178
1,LAPTM5,28.657255,1.1055892,1.301820595238425e-180,8.106142887060425e-178
1,USPL1,28.596945,1.4368912,7.333102154153458e-180,4.493678440686483e-177
1,HSPE1,28.55986,1.2175257,2.1189622533742403e-179,1.2781977617775924e-176
1,HLA-DPB1,28.478199,1.9266669,2.181653618676295e-178,1.2761351454941976e-175
1,MGAT5,28.45487,1.3386893,4.241876281413004e-178,2.444207100301947e-175
1,OTUD1,28.420435,1.706316,1.1307202834169792e-177,6.419498126705279e-175
1,FKBP4,28.38117,1.5883626,3.4534573686385997e-177,1.9322344228066925e-174
1,TAPT1,28.370932,1.5924985,4.619510620259844e-177,2.5477261000821647e-174
1,PAX5,28.326231,1.6320347,1.6429185216803114e-176,8.809237839998626e-174
1,POMP,27.950777,1.3897754,6.450583928510373e-172,3.411386892384541e-169
1,PMAIP1,27.908289,1.3731893,2.116534520631953e-171,1.104201779777259e-168
1,ENSG00000289963,27.698292,2.0490966,7.320903715618346e-169,3.768410784602158e-166
1,EIF2AK3,27.564676,1.6241868,2.9516495920505275e-167,1.4993603177724034e-164
1,HLA-DPA1,27.559727,1.8590962,3.383656453238003e-167,1.6964862471909915e-164
1,STK17A,27.47811,0.8883348,3.2070602752701975e-166,1.5873303716292468e-163
1,ATF7IP,27.405071,1.2377093,2.3862476588925834e-165,1.1661199635342666e-162
1,CAMK2D,27.40196,1.4392405,2.598842541603402e-165,1.2541364395142618e-162
1,CENPM,27.29299,2.2619355,5.137369474553203e-164,2.4186986089585483e-161
1,MICAL3,27.207256,1.4453052,5.329993385175301e-163,2.4791533087720204e-160
1,HVCN1,26.93014,1.6722847,9.74754806355775e-160,4.427221653431888e-157
1,VAV3,26.919294,1.4780779,1.305826260892683e-159,5.861945189304991e-157
1,DGKD,26.89353,1.3200651,2.6142878718638795e-159,1.1600827308181257e-156
1,STRBP,26.725563,1.3637661,2.3755110184347394e-157,1.0421474815646766e-154
1,MS4A1,26.715242,2.0639927,3.1310420729351037e-157,1.358168654693625e-154
1,STIP1,26.682056,1.1471782,7.60336401724635e-157,3.261505236109029e-154
1,HSPD1,26.57579,1.1551679,1.293259476267258e-155,5.426910363127583e-153
1,RAB30,26.490635,1.3665057,1.2426138069891237e-154,5.158317057271195e-152
1,MARCHF1,26.325544,1.7566668,9.782396433237288e-153,3.9753599652795653e-150
1,CD79B,26.140787,1.556553,1.2543658164101526e-150,5.0443798654510784e-148
1,LINC02397,26.096958,1.9620836,3.94751331421203e-150,1.571110299056388e-147
1,SH3BP5,26.037697,1.358102,1.8544050211723807e-149,7.231430328018276e-147
1,PHACTR1,25.892252,1.7157269,8.141928993035197e-148,2.993593435286827e-145
1,BTLA,25.816643,1.651414,5.767050817339876e-147,2.100403432587012e-144
1,ZEB2,25.482515,1.6256363,3.0804644981876584e-143,1.0910496552021352e-140
1,BACH2,25.470516,1.2840887,4.18371580126565e-143,1.4683321111241972e-140
1,USP12,25.432903,1.1823407,1.0913833923314396e-142,3.761959575388175e-140
1,BCL11A,25.432135,1.5151771,1.1129460328875658e-142,3.8023358005006516e-140
1,RRAS2,25.405787,1.307944,2.1766178141650795e-142,7.371097134531322e-140
1,MARCHF3,25.381592,1.3593949,4.027382693664329e-142,1.3520098806226531e-139
1,TMEM156,25.35539,1.4672005,7.836873416525682e-142,2.608192544124056e-139
1,P2RY14,25.278187,2.688503,5.550256272203438e-141,1.8158745224125925e-138
1,BANK1,25.264145,2.1928093,7.91891705715537e-141,2.569056402592775e-138
2,IL7R,39.949688,3.8629396,0.0,0.0
2,SYTL3,39.087013,2.7951014,0.0,0.0
2,TNFAIP3,37.62321,2.4757965,8.9734184493032e-310,1.1547593088459974e-305
2,PTGER4,37.44702,2.4350724,6.7162630353200605e-307,6.482201268539156e-303
2,PABPC1,37.409267,0.8289184,2.7621198221420642e-306,2.1326879570723307e-302
2,PRKCA,37.276245,2.4525044,3.9820579711716684e-304,2.266314570525279e-300
2,FYN,37.152985,2.3878646,3.9233932691752306e-302,1.893331506872237e-298
2,CD6,37.110023,2.4070575,1.936275114557475e-301,8.305759674733987e-298
2,TPT1,36.69123,0.6992044,1.0078132914024744e-294,3.8907639927883926e-291
2,BCL11B,36.515938,2.6756766,6.194753186023157e-292,2.174133104541909e-288
2,CAMK4,36.421127,2.655333,1.971395113084568e-290,6.342306644645237e-287
2,NDFIP1,35.958405,2.162405,3.7404946575180834e-283,1.0314681196295938e-279
2,SRGN,35.808323,2.0247445,8.196155753899655e-281,1.9776299314690628e-277
2,CD3E,35.591537,2.3454003,1.89385685900217e-277,4.061902105479876e-274
2,PITPNC1,35.435772,2.2654836,4.804716085570823e-275,9.762677326291957e-272
2,CRYBG1,35.26723,2.2046416,1.867949005927746e-272,3.434001872516503e-269
2,ARL4C,35.26527,2.3821008,2.0017014486282414e-272,3.5126220966246314e-269
2,FAM177A1,35.185818,1.9954963,3.295200696724284e-271,5.531066004249464e-268
2,RBMS1,35.174652,2.1229222,4.882032591897793e-271,7.853156260116925e-268
2,CD247,34.173706,2.3198488,5.945162058937229e-256,7.403836337010666e-253
2,RPS14,34.14483,0.75318825,1.5956372410810273e-255,1.925036604036692e-252
2,FYB1,33.943287,2.450768,1.5321468112175456e-252,1.643057216496238e-249
2,ANK3,33.38359,2.2423599,2.372580301663706e-244,2.2340447591714397e-241
2,STAT4,33.311512,2.4084716,2.6306333982800806e-243,2.418053166047638e-240
2,RPS15A,33.077206,0.66309935,6.322103288692691e-240,5.547070899165228e-237
2,PDE3B,33.0365,2.384667,2.4310615756869378e-239,2.0856347375771094e-236
2,CD3D,32.9993,2.1199102,8.312391226192822e-239,6.976264688660871e-236
2,LEPROTL1,32.93375,1.9424841,7.228564773026653e-238,5.813874408905562e-235
2,RORA,32.731686,2.2194254,5.53319662946893e-235,4.359481409740357e-232
2,INPP4B,32.576805,2.3039858,8.739970786889118e-233,6.6159865136988485e-230
2,RPS3,32.515713,0.66862065,6.3952561686516425e-232,4.572134437906765e-229
2,AAK1,32.35188,2.0189118,1.3054016896357496e-229,9.162970478195953e-227
2,TOB1,32.166134,1.7746797,5.254682227040443e-227,3.3256108533954647e-224
2,TCF7,32.003773,1.9456364,9.662297895909445e-225,6.016494718862582e-222
2,CNOT6L,31.890726,1.6643089,3.590099948101578e-223,2.1999904539112617e-220
2,CD96,31.784996,2.21521,1.043458073051229e-221,6.103597328517537e-219
2,SARAF,31.738628,1.0345445,4.557165230946479e-221,2.5872635427341147e-218
2,PLCL1,31.465216,2.5393894,2.5996366859402506e-217,1.3765092332273665e-214
2,OXNAD1,31.465178,2.0074234,2.6028382641454116e-217,1.3765092332273665e-214
2,CD28,31.31155,2.2514956,3.2491905794389504e-215,1.695111506889461e-212
2,JMY,31.244545,1.7841036,2.6478494237231014e-214,1.3629716646967207e-211
2,EIF1,31.023941,0.7195848,2.563561265529933e-211,1.2688313617570331e-208
2,TMSB10,30.95243,0.91109014,2.356277010695999e-210,1.1514738009484777e-207
2,PBX4,30.82627,1.8387946,1.1653631342850403e-208,5.554322118791144e-206
2,SERINC5,30.769302,1.7688072,6.74881900104087e-208,3.1773769067583393e-205
2,LDHB,30.757383,1.3998964,9.741570125063298e-208,4.531121159616792e-205
2,RPS3A,30.681051,0.5821273,1.0187833650482425e-206,4.682279832268149e-204
2,LEF1,30.675507,2.0483575,1.2078572861882065e-206,5.4859456930096354e-204
2,CD7,30.522081,2.1165051,1.3275327261087297e-204,5.959387026064375e-202
2,TRAT1,30.344116,2.4573495,3.0042755866335463e-202,1.3179893556542577e-199
2,RPL30,30.249723,0.5602537,5.261166100362204e-201,2.2821638030402614e-198
2,RPL14,30.038599,0.6388209,3.0764358622284495e-198,1.2909661184477339e-195
2,CHD2,29.946182,1.0508806,4.9334513578346717e-197,2.0261789693677163e-194
2,ESYT2,29.866713,1.3365757,5.3269897062599e-196,2.1647764694723125e-193
2,PRKCH,29.812931,1.8984833,2.655942963185124e-195,1.0680763962158844e-192
2,TESPA1,29.798647,2.2402062,4.067634637160411e-195,1.6189185855898434e-192
2,TNIK,29.551867,1.8977784,6.2142812217020905e-192,2.329209134417776e-189
2,PPP2R5C,29.50113,1.218019,2.784582430198981e-191,1.0336691278871332e-188
2,RPS25,29.416807,0.56807584,3.348109959666612e-190,1.2310203152656116e-187
2,RPS12,29.385149,0.6471323,8.501428543110441e-190,3.0962844371256765e-187
2,SLC16A10,29.30185,2.340991,9.823679434044149e-189,3.511601557691745e-186
2,IL6ST,29.275751,1.437587,2.1116414033043954e-188,7.47908513907977e-186
2,ITK,29.07971,1.9353466,6.4820912292417756e-186,2.1951545087377893e-183
2,CD2,29.000475,1.9751506,6.489613226035724e-185,2.1598104155546134e-182
2,TSHZ2,28.983871,2.8148599,1.0507621076105729e-184,3.4671557202063056e-182
2,MLLT3,28.923159,1.97914,6.107302904475447e-184,1.9813322347073872e-181
2,PDCD4,28.838585,1.2384956,7.045280792899983e-183,2.2665842524224725e-180
2,SMCHD1,28.800161,1.2463043,2.1349464406447167e-182,6.811714238638838e-180
2,PCSK5,28.641226,2.476896,2.061696367599393e-180,6.524086062913293e-178
2,IQGAP2,28.584526,1.8500725,1.0463133526468806e-179,3.284062869291502e-177
2,ABLIM1,28.56888,1.6687937,1.6371701428820114e-179,5.097144398072817e-177
2,RPL34,28.54541,0.5607236,3.202639913626206e-179,9.891289320436265e-177
2,RPS27A,28.541967,0.53392565,3.5339257688437744e-179,1.0827836367617678e-176
2,RGCC,28.439274,1.9357754,6.614153186420617e-178,1.9641999839611872e-175
2,RPS29,27.946775,0.5609884,7.214894800699208e-172,2.048075210851424e-169
2,ITGA6,27.775307,1.9416494,8.622627135728918e-170,2.4298185635178877e-167
2,MGAT4A,27.703686,1.6935347,6.303661109863729e-169,1.7507851856647422e-166
2,YES1,27.598335,2.3722012,1.1650972918913618e-167,3.1900529114012703e-165
2,SATB1,27.47884,1.6725992,3.143385724354923e-166,8.486262187024206e-164
2,YME1L1,27.262646,1.2291287,1.1768097956657405e-163,3.1332357911359708e-161
2,JUNB,27.241018,1.0235775,2.123251994791807e-163,5.614401815817295e-161
2,CDC14A,27.191944,1.5758705,8.088020393584357e-163,2.109771049423768e-160
2,YPEL5,27.13726,1.0708027,3.5797693029012013e-162,9.152355874688991e-160
2,HIVEP2,27.132086,1.2238859,4.120219517029713e-162,1.0464815439108493e-159
2,FUS,27.121572,0.8498186,5.481830191586348e-162,1.383212656054788e-159
2,USP36,26.988031,1.3113031,2.0423988538883214e-160,5.054413471359778e-158
2,RPS26,26.98576,0.5066466,2.1717293980844514e-160,5.3402410918756895e-158
2,RPL9,26.887493,0.5308657,3.075725245080754e-159,7.515281570353645e-157
2,TRABD2A,26.86029,2.0526054,6.395514345250724e-159,1.543157667579684e-156
2,SCML4,26.7636,1.8152583,8.577237766701063e-158,2.0440298840818595e-155
2,NOSIP,26.739063,1.6426276,1.6549514033557712e-157,3.919696556929626e-155
2,BICDL1,26.659924,1.9487925,1.3732381932071747e-156,3.213044465876132e-154
2,TRAF1,26.609888,1.8337268,5.215917832121909e-156,1.2057827774065775e-153
2,NELL2,26.597372,2.2411659,7.280111491542903e-156,1.6630531611982563e-153
2,AP3M2,26.55005,2.339331,2.5647217152711106e-155,5.756607356962588e-153
2,TNRC6C,26.548622,1.3839335,2.6640430609463485e-155,5.944973780976575e-153
2,SLFN11,26.417469,1.9695003,8.632239019338839e-154,1.9043212547462585e-151
2,SLC38A2,26.359715,1.0797354,3.971635276587058e-153,8.711872243631816e-151
2,NFKBIA,26.34002,1.0968095,6.678362028259734e-153,1.4566375393389562e-150
2,RPL35A,26.315496,0.52542543,1.274890882795092e-152,2.765080753999288e-150
3,PDE4D,34.981857,3.04603,4.2471401286920514e-268,1.6396509180828533e-263
3,KYNU,34.38872,3.5648372,3.7178730178842594e-259,7.176610286421986e-255
3,MARCKS,31.292252,2.7220943,5.948291430002458e-215,7.654657964889163e-211
3,CYRIA,30.62999,2.4534135,4.8820068600790006e-206,4.711868921005247e-202
3,TRIO,30.253256,2.197844,4.727355289640501e-201,3.6500855662372236e-197
3,BLK,30.141453,2.0425067,1.3882438863973122e-199,8.932423913042439e-196
3,RAPGEF1,28.932978,1.831822,4.5956514097165995e-184,2.5345674046217007e-180
3,PLEKHG7,28.649128,3.6429155,1.6436868855632987e-180,7.932021988007089e-177
3,HLA-DPB1,28.345385,2.1054304,9.541298353458912e-177,4.092792935929275e-173
3,HIPK2,28.296015,2.8260708,3.869019474011337e-176,1.493673658136817e-172
3,TEX9,27.893583,3.6167455,3.191824607367957e-171,1.0268631732670614e-167
3,AIM2,27.815067,2.5966783,2.8515080487395095e-170,8.468101517664423e-167
3,FNBP1,27.658955,1.1380215,2.1779550269320844e-168,6.005866554981432e-165
3,CD80,27.279955,3.755694,7.33549575511818e-164,1.8879609941472827e-160
3,SWAP70,26.63087,1.8087202,2.981324397142732e-156,7.193563104755769e-153
3,CD82,26.331942,1.9267873,8.264141709522996e-153,1.7724747490991377e-149
3,BANK1,26.30911,2.3807745,1.5085115341925003e-152,3.0651366467913506e-149
3,OSBPL10,26.181236,1.9805857,4.3469938242733646e-151,8.391002178994876e-148
3,ITSN2,25.839762,1.2105492,3.1714159098506547e-147,5.830270600747352e-144
3,SCIMP,25.763191,2.4540849,2.293744248058403e-146,4.025104110933759e-143
3,SEL1L3,25.725986,1.7103792,5.986101347094442e-146,1.0047801243736e-142
3,HLA-DRA,25.612524,2.557921,1.1064439876352163e-144,1.7086150634658065e-141
3,EBF1,25.534191,2.0061572,8.227347498443998e-144,1.2216345289420346e-140
3,RPS11,24.88676,0.6139941,1.0350299776988838e-136,1.4270845471086823e-133
3,PTPN1,24.817856,1.3025016,5.752360738075796e-136,7.657780643246697e-133
3,NEK6,24.79236,2.8080144,1.083787146520434e-135,1.394689552618929e-132
3,HLA-DPA1,24.715084,1.9090741,7.362787157285826e-135,9.169282612715375e-132
3,PARP14,24.228266,1.4715489,1.1207887984949417e-129,1.27262271631458e-126
3,TNFRSF13B,24.226894,2.6073358,1.1587190847708363e-129,1.2781002567617974e-126
3,ADAM7-AS1,24.01029,1.7964967,2.171244874235872e-127,2.265488638236488e-124
3,HLA-DQB1,23.948746,1.9034415,9.52241902622144e-127,9.674276550692235e-124
3,TOX,23.846367,2.435277,1.1044660097942944e-125,1.0933080711312444e-122
3,BASP1,23.806341,1.6584134,2.87111888895038e-125,2.7710603956704595e-122
3,CTSH,23.517305,1.7475137,2.71343804945472e-122,2.494166412791641e-119
3,COL4A3,23.24625,2.6638029,1.5523899934699445e-119,1.3937573973930393e-116
3,AP1S3,23.155142,2.0588055,1.2903086951131012e-118,1.1103292862764262e-115
3,RAB31,23.15501,2.62032,1.2942241590022062e-118,1.1103292862764262e-115
3,SSPN,23.15279,3.7808063,1.362631129445543e-118,1.1436029865951007e-115
3,MS4A1,23.12725,2.0796049,2.4633813902622355e-118,2.0234319564354014e-115
3,PRDM4,23.05881,1.5957303,1.2000827774289916e-117,9.652165771963261e-115
3,ATP2B1,23.036959,1.2133079,1.9876610618804963e-117,1.5660335296930293e-114
3,CRIP1,23.02779,1.6443403,2.4560053588644453e-117,1.8963308576864154e-114
3,TP53INP1,22.959871,1.6931009,1.1741912773774038e-116,8.888397736163148e-114
3,RAB11FIP1,22.643879,1.3903955,1.602984284800803e-113,1.1676379490381095e-110
3,BTNL9,22.636108,4.037368,1.9120043893937846e-113,1.366941508461786e-110
3,LY86,22.506613,1.5182837,3.5756206501064556e-112,2.5098256512365423e-109
3,UVRAG,22.481289,1.2064632,6.327651764697586e-112,4.328792467006067e-109
3,CD40,22.480844,1.5919797,6.391264845343879e-112,4.328792467006067e-109
3,MEF2C,22.47528,1.7968166,7.244532996445206e-112,4.822111049323511e-109
3,ANKRD13A,22.398115,1.3755403,4.105846869776022e-111,2.6866156653317477e-108
3,RPLP1,22.395424,0.57371426,4.3613952899308184e-111,2.806267109384486e-108
3,RPS18,22.311743,0.5455578,2.842077984922883e-110,1.7987092243595543e-107
3,RPL27A,22.174582,0.52494544,6.043506231709167e-109,3.76315486421555e-106
3,WEE1,21.980011,2.2419899,4.4735857681430343e-107,2.6570346486912307e-104
3,ANKRD33B,21.910923,1.7521291,2.0439360417050052e-106,1.1777342511352752e-103
3,GRAMD1C,21.815002,3.839791,1.6715795823762645e-105,9.490147258414423e-103
3,PIKFYVE,21.70932,1.3819537,1.6751888231290563e-104,9.108780240242303e-102
3,HLA-DQA1,21.638535,2.0595365,7.79401654489658e-104,4.17910837128163e-101
3,WDFY4,21.423452,1.4004776,8.07756154742006e-102,4.214085690536471e-99
3,ARID5B,21.244808,1.2487959,3.681969198687376e-100,1.8952813717936646e-97
3,CYBA,21.23611,0.99365604,4.430973736650886e-100,2.2508180536466327e-97
3,ADAM28,21.175695,1.6491535,1.6000012299351918e-99,8.022032140633509e-97
3,HLA-DRB1,21.144337,2.1290581,3.111330723315799e-99,1.539949152619612e-96
3,DAPP1,21.129766,1.444156,4.236323635087618e-99,2.0702216488125644e-96
3,LINC01781,21.110044,2.7190433,6.431173873696514e-99,3.1035237320990954e-96
3,TBXAS1,20.954481,3.48136,1.7078110340046817e-97,8.040457655949358e-95
3,CR1,20.946789,1.6891464,2.007220024395335e-97,9.336233284554977e-95
3,PIP4K2A,20.91243,0.99644935,4.126653804473321e-97,1.8965904378035361e-94
3,CD74,20.760525,2.2104912,9.848733627933351e-96,4.473178946352881e-93
3,CPNE5,20.558462,2.6510494,6.464942377742264e-94,2.868799602702504e-91
3,MT-CO1,20.382765,0.46386564,2.378343796690548e-92,1.0089927540113769e-89
3,BCL2A1,20.381165,1.3353151,2.4573739129310908e-92,1.031188883506714e-89
3,RAB3GAP2,20.23693,1.40039,4.6312219272024606e-91,1.9020526991657255e-88
3,CD37,20.135185,1.083454,3.629511814045993e-90,1.4595930530527044e-87
3,RPL13A,20.05887,0.42132983,1.6887930744894074e-89,6.721396436467842e-87
3,MARCHF1,19.96379,1.4842159,1.137458475427973e-88,4.4808899900379925e-86
3,SLC25A6,19.82927,0.7903824,1.6644104875611664e-87,6.490528412402666e-85
3,UBE2N,19.824423,1.0497111,1.8326963912413848e-87,7.07530768802649e-85
3,RPL39,19.796885,0.4714582,3.1668665343053636e-87,1.1986279355234595e-84
3,P2RX5,19.792679,1.4194983,3.442521762965888e-87,1.2903106328258357e-84
3,AHNAK,19.753456,1.3124577,7.491172595783292e-87,2.780809704161632e-84
3,CYBB,19.713234,1.3161865,1.6600946935515755e-86,6.103772927547822e-84
3,SHISA8,19.693806,3.4443214,2.436743712739971e-86,8.874804506984842e-84
3,BMP2K,19.656889,1.3159155,5.047468416207326e-86,1.8042830155194448e-83
3,RPL8,19.52029,0.49665186,7.381865862096411e-85,2.5907664861099456e-82
3,TNFRSF13C,19.488022,1.2555692,1.3874053965071953e-84,4.825420967347458e-82
3,UQCRH,19.414143,0.96555513,5.860643840040378e-84,2.0022656291026443e-81
3,SYNGR2,19.383474,1.2012697,1.0641306615056302e-83,3.5112673776142187e-81
3,CD58,19.253635,1.6850804,1.3159818341369439e-82,4.3054910753127845e-80
3,MT-CO2,19.246628,0.4342018,1.5065705814799776e-82,4.846888655718001e-80
3,EPS15,19.219141,1.06951,2.5597573621711182e-82,8.100163338030999e-80
3,POU2AF1,19.182713,1.4242604,5.161556933191724e-82,1.6200574549821114e-79
3,GNG7,19.134962,1.2341995,1.2917417974192027e-81,3.9895187064932594e-79
3,IRF8,19.133911,1.3736281,1.3180646113853357e-81,4.038508125963672e-79
3,RPS2,19.125055,0.4641644,1.5620894272490198e-81,4.7485058605020206e-79
3,SNX25,19.091415,1.1845254,2.975920579092306e-81,8.975655459096685e-79
3,RPL23A,19.081078,0.44531125,3.6269887432521122e-81,1.0854537009456669e-78
3,RPS7,19.034998,0.49406266,8.749460141015134e-81,2.5983204477233097e-78
3,NAA50,19.013037,1.17303,1.3302466460602061e-80,3.9202673296030774e-78
3,PRDM2,18.947052,0.85107094,4.67024621129753e-80,1.3556355280703193e-77
4,MARCKS,33.020016,3.0706706,4.1924920806575585e-239,1.618553492658657e-234
4,CYRIA,31.016098,2.5649023,3.270542597198703e-211,6.313128375372656e-207
4,CD83,30.56649,2.2449837,3.414372067464147e-205,4.3938416012173616e-201
4,SEMA7A,30.441082,2.7238252,1.572032827179514e-203,1.5172474831523078e-199
4,TNFRSF13B,29.056967,3.0965,1.2565396045821074e-185,9.701993594899369e-182
4,RIPK2,28.438906,2.2567534,6.683662004427826e-178,4.3004909223823445e-174
4,BCL2A1,28.168606,2.08129,1.418185755214592e-174,7.821497037973506e-171
4,ARHGAP24,27.892597,2.2557862,3.2808476500793714e-171,1.5832550547370527e-167
4,HSP90AB1,27.491516,1.202468,2.2175987324537138e-166,9.512512962789786e-163
4,PIKFYVE,27.201164,1.8683761,6.292144071393875e-163,2.4291451402023196e-159
4,ANKRD33B,26.983599,2.2501345,2.3022916423950342e-160,8.080206467845698e-157
4,MAST4,26.584919,2.5276904,1.0142661979374468e-155,3.2630634031310894e-152
4,HSPA1A,26.354599,2.2172182,4.54572002985098e-153,1.3499389805571302e-149
4,TNFSF9,25.974756,2.600616,9.552653242720582e-149,2.4585982072564718e-145
4,CYBB,25.922106,1.8234892,3.7524894879458094e-148,9.054288073227245e-145
4,PMAIP1,25.75456,1.5318611,2.8656937719964393e-146,6.5078219859820315e-143
4,SMIM14,25.627558,1.8949381,7.52343129530218e-145,1.6136088254801997e-141
4,EBF1,25.517439,2.0588217,1.2625336381348774e-143,2.565335454412372e-140
4,COL4A3,25.392178,2.8815892,3.0770177869397937e-142,5.9395674341298845e-139
4,RUBCNL,25.181528,1.9620736,6.383840621622292e-140,1.17359310018262e-136
4,CMTM6,25.032297,1.4365629,2.721653974717311e-138,4.776007879451659e-135
4,SPIB,24.791832,2.2730255,1.0981143136275285e-135,1.8432087474741028e-132
4,CCSER1,24.729626,2.0439045,5.13660831257594e-135,8.262662521471115e-132
4,HSPE1,24.720448,1.2778128,6.447409412671439e-135,9.956347511423742e-132
4,TNFRSF13C,24.533493,1.6280916,6.4896879767161646e-133,9.636188231888625e-130
4,TANK,24.379436,1.5348985,2.826363944660345e-131,4.0412817202798997e-128
4,CD40,24.363117,1.7775432,4.2096612980238416e-131,5.80422085969673e-128
4,LINC01857,24.318657,2.378179,1.2445814843330922e-130,1.6568383718677019e-127
4,RALGPS2,24.152119,1.6705322,7.093412768479966e-129,9.128276444664585e-126
4,BANK1,24.143663,2.315678,8.70351614631928e-129,1.083896594660652e-125
4,BASP1,23.941303,1.7445762,1.1383725122358572e-126,1.3317578547690152e-123
4,SNX25,23.848192,1.5551808,1.0573325584346777e-125,1.200570022086152e-122
4,TBC1D9,23.834383,2.1528747,1.470449312082804e-125,1.621947604064821e-122
4,UBC,23.730639,1.2011819,1.741246632789328e-124,1.8672935418184667e-121
4,RHEX,23.590874,1.887177,4.782044327796803e-123,4.989610900511442e-120
4,LGALS1,23.561712,1.9192691,9.52209861400347e-123,9.673951028742578e-120
4,IER5,23.551474,1.1432507,1.2124642965026364e-122,1.2002152982251482e-119
4,CHORDC1,23.54935,1.2929388,1.2747255373777143e-122,1.230301352400101e-119
4,CR1,23.352684,1.9482374,1.294275570020478e-120,1.1896857775288232e-117
4,HSPD1,23.301376,1.249144,4.2930412041437035e-120,3.85435229598074e-117
4,JAM3,23.29535,1.9878076,4.9415345103792775e-120,4.335747302447782e-117
4,HSP90AA1,23.224226,1.2427421,2.5921193583926737e-119,2.2238079988912793e-116
4,RAB11FIP1,23.221916,1.4454088,2.735205112513245e-119,2.295550621167094e-116
4,PLEKHG1,23.137222,1.694269,1.9550743419841944e-118,1.6059063839711023e-115
4,CTSH,23.020977,1.6259165,2.8739345882973106e-117,2.26430854522053e-114
4,FKBP4,23.005173,1.5033693,4.1375242906573406e-117,3.1946652553023458e-114
4,KLF6,22.923508,1.1798732,2.708527917111307e-116,2.050302524862728e-113
4,PRDM2,22.895481,1.0276376,5.153618358466753e-116,3.8261651989801434e-113
4,AP1S3,22.738182,2.0583625,1.87851975829166e-114,1.3185842507019605e-111
4,MIR29B2CHG,22.708252,1.5555501,3.7131325263090384e-114,2.5598070412622633e-111
4,PEA15,22.412882,1.7592995,2.9472961472348114e-111,1.9617812941404677e-108
4,AIM2,22.219473,2.153719,2.2266790404859804e-109,1.4327195172833626e-106
4,HLA-A,22.199936,0.6952401,3.4393675813351932e-109,2.1767249974594503e-106
4,IFI30,22.1848,1.6596164,4.815858054223012e-109,2.9987260651828003e-106
4,UBALD2,21.974,1.0752248,5.106526979268595e-107,3.129247310502276e-104
4,INPP5A,21.907162,1.4075555,2.2198990358791675e-106,1.3390847215492366e-103
4,COBLL1,21.884308,1.6173972,3.6652685394508194e-106,2.1769439574467438e-103
4,CCDC50,21.684452,1.5498337,2.876665388095377e-104,1.6575603578031363e-101
4,MOB3A,21.64341,1.3587946,7.012189960730978e-104,3.9810677297644136e-101
4,NR4A1,21.523413,1.0978678,9.398198909688552e-103,5.258360392861395e-100
4,CD24,21.48747,1.5695179,2.039204431318121e-102,1.1246503753638197e-99
4,LYN,21.483454,1.860693,2.2234870868079726e-102,1.209013274271952e-99
4,STIP1,21.423756,1.1097779,8.02509929427244e-102,4.244068265132628e-99
4,HLA-B,21.28132,0.5763994,1.6911502253297652e-100,8.705139413210788e-98
4,PTPN1,21.277948,1.1457899,1.8171932840380777e-100,9.230863674154476e-98
4,IFNGR2,21.274439,1.534321,1.9584524730166456e-100,9.819222879646834e-98
4,SNN,21.252747,1.874415,3.109396983281758e-100,1.538992050468917e-97
4,FNBP1,21.244108,0.8884959,3.7372661718159917e-100,1.8263404788497237e-97
4,BLK,21.21852,1.4038848,6.44220897238869e-100,3.108848994850472e-97
4,VPREB3,21.192026,1.499415,1.1312105031916092e-99,5.391544776075959e-97
4,SH2B3,21.137129,1.4226656,3.6247083470551962e-99,1.7065303712977182e-96
4,ADGRE5,21.12693,1.2923995,4.498639387993951e-99,2.092463520637283e-96
4,RPL22L1,21.070704,1.1501051,1.4772174719549436e-98,6.78922115741578e-96
4,REL,21.013716,0.88356656,4.913575475192127e-98,2.2316881740619676e-95
4,PARP15,20.999306,1.3353164,6.65519474874194e-98,2.9875633543015273e-95
4,CYBA,20.932774,0.99394435,2.6936310140452516e-97,1.1817081696389883e-94
4,HSPH1,20.901035,1.123128,5.239647195799201e-97,2.2728294341688086e-94
4,CD82,20.89581,1.5727229,5.845794281997891e-97,2.507585933897895e-94
4,LY9,20.824284,1.6000426,2.607945595845159e-96,1.1063994249802e-93
4,RBBP8,20.796577,1.9460799,4.648135824394226e-96,1.9504992569191683e-93
4,GPR183,20.7304,1.4389858,1.8425508107678866e-95,7.648765225860756e-93
4,TAMALIN,20.717844,1.1787937,2.3915535582783262e-95,9.822161347967347e-93
4,HLA-DQA1,20.676268,2.0096507,5.665774215002696e-95,2.3024513615199373e-92
4,SMAD3,20.654602,1.3054918,8.874823219519654e-95,3.5321796413688225e-92
4,HLA-DRA,20.600092,2.3551855,2.739261281234477e-94,1.0791012349320226e-91
4,SYNGR2,20.584806,1.3065455,3.7553392128116867e-94,1.4644305621192727e-91
4,CR2,20.528053,1.8047038,1.2092512384235423e-93,4.668435331057927e-91
4,JUND,20.506388,0.72327924,1.8881027482904814e-93,7.217039079257655e-91
4,CD79A,20.341345,1.6338085,5.539122298164938e-92,2.0761490819704428e-89
4,P2RX5,20.243956,1.4278075,4.016078626846719e-91,1.476616490171852e-88
4,FOSB,20.207579,0.9946481,8.396696774645894e-91,3.0295595858128915e-88
4,PCBP3,20.119127,1.9636773,5.018344475801148e-90,1.7938722854886956e-87
4,LY86,20.046034,1.3750466,2.185929058222491e-89,7.6718161110670435e-87
4,HLA-DQB1,19.994934,1.6904397,6.096045274490806e-89,2.120215530333262e-86
4,HSPA1B,19.981924,1.4645278,7.911462946666488e-89,2.7029198099027118e-86
4,NAPSB,19.930576,1.5463501,2.2100019244022146e-88,7.484152131006307e-86
4,HLA-DRB1,19.853899,2.0466068,1.0197258964545666e-87,3.3647468340619655e-85
4,RAPGEF1,19.835758,1.2844474,1.4629558470674752e-87,4.786345206092115e-85
4,LPCAT1,19.82957,1.6876504,1.6544701871289692e-87,5.367434961705965e-85
4,BACH1,19.80665,1.1939981,2.6087552011061903e-87,8.392800274492131e-85
5,GIMAP7,31.454739,3.6487052,3.6157613226903668e-217,6.979504081189215e-213
5,TXK,31.01587,3.1427276,3.293947683223984e-211,4.238871475284838e-207
5,GIMAP4,30.412031,3.6842458,3.8085939378169985e-203,2.4505762927227174e-199
5,LINC00861,29.760975,3.3935013,1.2505301891166353e-194,6.034746060129602e-191
5,FYB1,28.690094,2.65599,5.071327856661191e-181,1.6315306936188494e-177
5,BCL11B,28.500496,2.6222892,1.1549722778558076e-178,3.429912289146254e-175
5,LEF1,27.659208,2.6899297,2.1627180304274225e-168,5.963849448762933e-165
5,CD3E,27.618994,2.3609936,6.581628709795291e-168,1.69393571980238e-164
5,CD3G,27.529856,2.7025502,7.71265175387427e-167,1.860966460062938e-163
5,AAK1,27.47478,2.2996938,3.514812788931985e-166,7.981933089971072e-163
5,MALAT1,27.064165,0.56321424,2.60204775321223e-161,5.022732778025568e-158
5,SLFN5,26.633259,2.4633405,2.797393827486734e-156,4.908917550179674e-153
5,IKZF1,26.611603,1.6614013,4.98288781915038e-156,8.363885528092154e-153
5,CAMK4,26.458466,2.4335997,2.9156593159010876e-154,4.502477741987096e-151
5,PRKCH,26.370886,2.2231405,2.957079831352192e-153,4.3908086141993354e-150
5,TCF7,26.25402,2.1661289,6.430789817510083e-152,9.195076729436825e-149
5,CD3D,25.991323,2.2826178,6.207128282267054e-149,7.987746482173396e-146
5,ETS1,25.752018,1.4803519,3.05999061803647e-146,3.474529347056352e-143
5,INPP4B,25.193422,2.4329276,4.728887220950774e-140,4.452766342732331e-137
5,OXNAD1,25.109533,2.1641216,3.9133658711100554e-139,3.59712863857321e-136
5,TRAC,24.864626,2.3841014,1.7966360240247515e-136,1.4757644753936075e-133
5,ITK,24.847555,2.2131443,2.7480643767492432e-136,2.165138231199618e-133
5,TC2N,24.48957,2.0309074,1.9079160501380493e-132,1.2922281935373603e-129
5,RIPOR2,24.408903,1.3662698,1.3756933149829555e-131,9.001697647157963e-129
5,CD2,23.771765,2.134965,6.544870753087379e-125,3.5093233374123796e-122
5,CD247,23.693108,2.013151,4.246564384966897e-124,2.2457926663840003e-121
5,PRKCQ,23.333769,2.6889858,2.0143870696319447e-120,1.0099665871455955e-117
5,THEMIS,23.288504,2.4628696,5.7973740292846956e-120,2.8330812882856323e-117
5,DGKA,23.245865,1.6477716,1.566366777439521e-119,7.558894476228769e-117
5,SAMHD1,22.981905,2.0418167,7.071569634023803e-117,3.1744769452456157e-114
5,PRKCQ-AS1,22.561749,2.506291,1.029724452448922e-112,4.3210371968742475e-110
5,DENND2D,22.482006,2.127352,6.226259745660402e-112,2.530220881483847e-109
5,IL7R,22.390991,2.882096,4.8176340558372046e-111,1.878682629895466e-108
5,FKBP5,22.272982,1.3738103,6.75543422850929e-110,2.591308567754301e-107
5,TRAF3IP3,22.229439,1.6510407,1.7835275052984707e-109,6.684938142675025e-107
5,IPCEF1,21.9508,2.0809624,8.50903044046901e-107,3.070089992380809e-104
5,SEMA4D,21.852507,1.3834766,7.3582199899008515e-106,2.559202170541552e-103
5,SNHG5,21.798847,0.92340577,2.3792923758589032e-105,8.128757651540603e-103
5,GIMAP5,21.55,3.2308133,5.294883401543927e-103,1.7621919706896968e-100
5,ENSG00000291143,20.997604,1.5694499,6.897769983089365e-98,2.1475428061866778e-95
5,PDE3B,20.766155,1.890501,8.75945244853644e-96,2.641932978345295e-93
5,GIMAP1,20.551573,2.4592295,7.450896827787632e-94,2.179161537375525e-91
5,SCML4,20.52601,1.8529187,1.2611424257180069e-93,3.6607266531781485e-91
5,MCUB,20.323631,1.3966423,7.947526359562763e-92,2.2727570565724446e-89
5,LCP2,20.303698,1.9935266,1.1926569785534028e-91,3.385567302502402e-89
5,CCND3,20.233759,1.0571122,4.939051649191383e-91,1.3717771796308096e-88
5,SERINC5,20.133673,1.5426308,3.7420276414946564e-90,1.0102427911016974e-87
5,SLA,20.114756,1.639177,5.480941716382028e-90,1.4592912820872037e-87
5,PRMT2,20.101593,1.7448266,7.146327715488691e-90,1.8896652587955918e-87
5,LDHB,20.09748,1.2308377,7.763695452785093e-90,2.0389471200695327e-87
5,CD96,19.979738,1.7371135,8.265538328381147e-89,2.099337978325543e-86
5,TNFSF8,19.944067,1.849936,1.6876662540128678e-88,4.1765412437449216e-86
5,IFITM1,19.452892,1.4609022,2.754434600919745e-84,6.329625131137362e-82
5,MLLT3,19.133654,1.7065423,1.3245685975825785e-81,2.7492631870039263e-79
5,RASA3,19.05633,1.5766689,5.821764488518505e-81,1.1767279572970965e-78
5,PRKCA,18.954262,1.6169158,4.072233231941129e-80,8.021052864914246e-78
5,ATM,18.918648,1.0147012,8.008260046813848e-80,1.5536024490818866e-77
5,ANK3,18.678022,1.7605811,7.473647451764227e-78,1.4143511447196558e-75
5,LCK,18.56689,1.7437103,5.955313143381704e-77,1.1053404769874714e-74
5,LINC01550,18.547817,2.6110523,8.493126278329598e-77,1.561360157624726e-74
5,GIMAP2,18.212341,2.011825,4.119544429824926e-74,7.262060833690461e-72
5,IL32,18.13817,2.1808388,1.5924580191260105e-73,2.7818296057184957e-71
5,PPP1R10,18.06244,1.1369156,6.297541998570321e-73,1.0902372484161696e-70
5,CELF2,17.870712,0.859804,1.994309966458042e-71,3.2902705369691946e-69
5,ITGA6,17.837898,1.7610115,3.589445831523309e-71,5.896772160501654e-69
5,BIN2,17.827995,1.4615252,4.285160730414274e-71,7.009869286371757e-69
5,FOS,17.610153,1.406567,2.0588615916937646e-69,3.257557811841372e-67
5,MAL,17.487312,2.0247023,1.7900306176710882e-68,2.7642368810324014e-66
5,RBMS1,17.469156,1.3282115,2.4610952219692973e-68,3.77035881505344e-66
5,ZAP70,17.443642,2.145592,3.847531703718756e-68,5.847945234400249e-66
5,MGAT4A,17.439756,1.4258448,4.1183086236883515e-68,6.21060245023877e-66
5,SKAP1,17.346674,1.2890508,2.089992317302166e-67,3.0914269502592884e-65
5,PLAAT4,17.264202,1.6291422,8.750575857818111e-67,1.2845046827639772e-64
5,SLFN12L,17.232065,2.5009048,1.5260576687304665e-66,2.2232068814720146e-64
5,ENSG00000287070,17.13686,1.9437349,7.879243390347764e-66,1.1435566553675407e-63
5,NOSIP,17.09192,1.5185705,1.7046634663198321e-65,2.464802913136459e-63
5,RCAN3,17.073341,1.4094461,2.3439480928416152e-65,3.3765097041881867e-63
5,TECR,17.049288,1.521012,3.5382015452564614e-65,5.059104031710035e-63
5,FGD3,17.0104,1.5385998,6.876659366792898e-65,9.796321458096185e-63
5,RBL2,17.000214,1.2582449,8.182009182889594e-65,1.1613038474802781e-62
5,SELL,16.887756,1.1385887,5.536894744367448e-64,7.716872148052335e-62
5,GRAP2,16.86165,2.2410548,8.614965851947834e-64,1.183592070036648e-61
5,RNF144A,16.773499,2.145278,3.813720691619949e-63,5.1479895461776135e-61
5,GOLGA8B,16.697826,1.1216475,1.3592653255670638e-62,1.803291998585638e-60
5,ID2,16.6015,1.736863,6.797043869508078e-62,8.865090392778001e-60
5,RNF213,16.579592,0.9500997,9.789213203867558e-62,1.2639543978211067e-59
5,ATP8B2,16.556067,2.2849588,1.4475209067032765e-61,1.8565778114347737e-59
5,CD7,16.555235,1.6510097,1.4676790700385228e-61,1.876199277414146e-59
5,STX16,16.535448,1.2103693,2.0385373060469722e-61,2.580320368434407e-59
5,TMSB10,16.534468,0.5639117,2.071977571617794e-61,2.6140773245057703e-59
5,ENSG00000289152,16.515007,2.375098,2.8612718182987832e-61,3.586437007053339e-59
5,TRABD2A,16.498425,1.7767926,3.765953536745029e-61,4.705126286070505e-59
5,ENSG00000249806,16.497013,3.027336,3.8549583068301245e-61,4.800790980434961e-59
5,RPS15A,16.492378,0.23586465,4.162354396238231e-61,5.166940637336757e-59
5,CHD3,16.464516,1.2627685,6.598801758997102e-61,8.1651711765334e-59
5,RPS29,16.404411,0.2693411,1.7784268806773636e-60,2.1796174017596922e-58
5,EVL,16.400545,0.87506545,1.8952794879601932e-60,2.315479744056684e-58
5,WWP1,16.341026,1.4472904,5.039763197626769e-60,6.1183993084144344e-58
5,THEM4,16.28693,1.8494623,1.2221056525723962e-59,1.4607000254863754e-57
5,PITPNC1,16.246119,1.2498552,2.3796482965780175e-59,2.8008750651735043e-57
6,HSPA8,31.493713,1.5022017,1.0590713217706815e-217,4.088650744827893e-213
6,DNAJB1,30.835802,2.2160728,8.68361041277004e-209,1.676197317977001e-204
6,IL7R,30.772001,3.7214565,6.210247914125724e-208,7.991761032424591e-204
6,ANXA1,30.16021,3.9275587,7.881195480894135e-200,7.606535818384975e-196
6,EGR1,29.394407,2.4953156,6.474156583760249e-190,4.998825781452964e-186
6,RGCC,28.770739,2.6945987,4.984897530937594e-182,3.2074492346562793e-178
6,HSP90AA1,28.724394,1.6264192,1.8922494999133843e-181,1.0436026313379446e-177
6,CDC14A,28.353642,2.2731771,7.548140258047342e-177,3.642543785027196e-173
6,NABP1,28.133915,2.190188,3.770432312897306e-174,1.617347887463482e-170
6,HSPA1B,27.813757,2.1908188,2.9574213015479843e-170,1.1417420676756148e-166
6,TNFAIP3,27.751774,2.3117156,1.658670363781309e-169,5.821329824012837e-166
6,DNAJA1,27.669249,1.2903079,1.6376189070979211e-168,5.268492960618528e-165
6,TRAF1,27.474703,2.5198567,3.5222618043302385e-166,1.0460033785997937e-162
6,UBE2S,27.33172,1.6142886,1.781236268487745e-164,4.9118862415169915e-161
6,INPP4B,27.27417,2.4016027,8.590955317990535e-164,2.2110828067089505e-160
6,UBB,27.084135,1.3376826,1.5142440327427458e-161,3.653681570504153e-158
6,RORA,26.827452,2.3469138,1.5461492861964677e-158,3.3161466301611573e-155
6,SRGN,26.58468,1.904863,1.0207579498068954e-155,1.8765419719164288e-152
6,PBX4,26.459223,1.9810917,2.8578125913767985e-154,5.01494149557694e-151
6,FYB1,25.98861,2.3425865,6.661394996578477e-149,9.891146739919563e-146
6,TOB1,25.944386,1.8861471,2.1039412255290656e-148,3.008324257510189e-145
6,FOSB,25.873375,1.3691565,1.3281131227091262e-147,1.831183400546733e-144
6,HSPA1A,25.810268,2.3687823,6.800480957592726e-147,8.751312261627492e-144
6,INTS6,25.657799,1.7707459,3.460365617238711e-145,4.309383065132828e-142
6,PLK3,25.360975,1.8890069,6.8004155212507e-142,7.292690044816792e-139
6,MCL1,25.120523,1.4317964,2.9681250755220916e-139,2.7948155284294113e-136
6,TUBB4B,25.059593,1.3248291,1.3723092074285362e-138,1.2614135538568112e-135
6,SERINC5,24.999823,1.8917098,6.140515086817477e-138,5.513040126550594e-135
6,PPP1R15B,24.763252,1.3654761,2.231998227463264e-135,1.8333728419031227e-132
6,ITK,24.636692,2.17991,5.111314199856618e-134,4.110987416659679e-131
6,ZFP36,24.515022,1.4041197,1.0215563318755286e-132,7.887640749677331e-130
6,CD2,24.327087,2.0520263,1.0134976042775229e-130,7.671978139360401e-128
6,BTG2,24.19198,1.3465478,2.7020391864931776e-129,1.9317578672917708e-126
6,PPP2R5C,24.135548,1.2720757,1.0590773647444848e-128,7.301203704165282e-126
6,BICDL1,23.911798,2.2226558,2.3088744642692392e-126,1.4856067927929708e-123
6,FYN,23.816626,1.8617991,2.246509631179199e-125,1.4217828003492486e-122
6,CD3D,23.667048,1.8766873,7.87994811784359e-124,4.828782175197931e-121
6,VIM,23.577305,1.6095679,6.589426378747212e-123,3.913713765814075e-120
6,ERN1,23.57565,2.2403436,6.851971326677127e-123,4.007987955116624e-120
6,GPRIN3,23.493032,2.1788738,4.8057374758853725e-122,2.728386779323981e-119
6,NFKBIA,23.334581,1.2928374,1.976430384459327e-120,1.105827122064301e-117
6,SYTL3,23.227285,1.9851427,2.4139560433005063e-119,1.3125800986994276e-116
6,DUSP2,23.127165,1.6637298,2.4682836709878487e-118,1.3234799916966235e-115
6,EIF4A3,23.037052,1.3844749,1.983353409243284e-117,1.0347208340168408e-114
6,SYNE2,23.030981,1.721332,2.2817095438357688e-117,1.1745023819909825e-114
6,BRD2,22.974794,1.16848,8.329499794045821e-117,4.2311666980122755e-114
6,ZC3HAV1,22.937757,1.1248964,1.952336289075707e-116,9.788557763124252e-114
6,H3-3B,22.872587,0.82613415,8.711280116565564e-116,4.2570592427864576e-113
6,SRSF7,22.83295,0.9210983,2.1588596953960364e-115,1.0418117175057423e-112
6,CD96,22.776947,1.9384161,7.761367857628409e-115,3.6540898477024676e-112
6,TCF7,22.743603,1.6932429,1.6602805743621715e-114,7.722505042629639e-112
6,CAMK4,22.731506,1.9502641,2.187014529221568e-114,1.0051414632753316e-111
6,CD3E,22.692238,1.8108752,5.344910399741215e-114,2.4275954222636393e-111
6,PRKCA,22.670513,1.8271152,8.756733787769005e-114,3.88577545529437e-111
6,BCL11B,22.568716,2.0419626,8.796258973750289e-113,3.773204154895596e-110
6,IL32,22.434832,2.4884887,1.7998659691530676e-111,7.635783033530036e-109
6,CALM1,22.23174,0.88989335,1.694363077105709e-109,7.03361085534871e-107
6,PRKCH,22.1567,1.7390165,8.990109410098936e-109,3.6153350404820786e-106
6,TRAC,21.770105,1.7282002,4.455999553144254e-105,1.5782414564099733e-102
6,HSP90AB1,21.734102,1.0555291,9.767426521401913e-105,3.4280115298658384e-102
6,ANK3,21.692522,1.7849287,2.4138915517837436e-104,8.320597968586001e-102
6,IFITM1,21.565474,1.4190048,3.79023454965443e-103,1.2835596054733239e-100
6,HSPH1,21.430733,1.3267089,6.908317340269601e-102,2.2795085404995574e-99
6,PPP1R10,21.407207,1.3242847,1.1447034275327046e-101,3.745120383332847e-99
6,IQGAP2,21.229918,1.6301546,5.055060168534755e-100,1.6262971072204393e-97
6,CITED2,21.172508,1.7169453,1.7119703518786704e-99,5.373359951595768e-97
6,H2AX,21.128935,1.4330195,4.3117014692957625e-99,1.3316603753890576e-96
6,B2M,21.030079,0.5520673,3.480768796856611e-98,1.0664965092971931e-95
6,SLFN5,21.02363,1.7016312,3.987328204119974e-98,1.2120849814823285e-95
6,STAT4,20.915464,1.9157612,3.8723759424201953e-97,1.1588910514191788e-94
6,JUN,20.894873,1.1649301,5.961617186170971e-97,1.7704168699178195e-94
6,DUSP16,20.814184,1.803002,3.219806974486179e-96,9.416959701288895e-94
6,FUS,20.797678,0.847345,4.542816607134628e-96,1.3186464506393945e-93
6,ATP1A1,20.738876,1.1660115,1.544952213415141e-95,4.4181055667485134e-93
6,CHD2,20.712309,0.92840594,2.682819020332152e-95,7.615655227863461e-93
6,TTC39C,20.629465,1.9364047,1.492924013424055e-94,4.206994486295552e-92
6,THEMIS,20.42817,1.8217429,9.396001854590781e-93,2.572638635449161e-90
6,ZC3H12D,20.390505,1.9075054,2.0304353084909143e-92,5.520210247859172e-90
6,JUND,20.351566,0.76480466,4.4967079851624626e-92,1.1972407481047036e-89
6,ZSWIM6,20.31391,1.0400059,9.687867254628165e-92,2.5617109810422943e-89
6,EIF4A1,20.270123,0.82737416,2.3607015449790297e-91,6.157921881450028e-89
6,FAM177A1,20.16923,1.3470381,1.8245673556741447e-90,4.6648508167653e-88
6,AAK1,20.096962,1.4895164,7.845244680159848e-90,1.9795654648513145e-87
6,KCNA3,20.0946,1.8383617,8.227424902895245e-90,2.0625192584491806e-87
6,CD28,20.040358,1.7991166,2.4499836915299234e-89,6.102198090013176e-87
6,ARL4C,20.014915,1.5722394,4.083242912285831e-89,1.0104979222545307e-86
6,MYADM,19.915106,1.5036267,3.010170408845956e-88,7.263164925244186e-86
6,TRAT1,19.835344,1.8530872,1.4750529555302134e-87,3.515178666740705e-85
6,ARIH1,19.775778,0.88091743,4.813432330012978e-87,1.1330937105639086e-84
6,LEPROTL1,19.752153,1.3900287,7.686998677411682e-87,1.787736571928647e-84
6,CCNH,19.716991,1.210811,1.5413082805605069e-86,3.5630986514562234e-84
6,LBH,19.667393,1.1488293,4.103435856685536e-86,9.373801460544485e-84
6,HCP5,19.6235,1.3592879,9.740978698894851e-86,2.2121189626443212e-83
6,SPTAN1,19.580343,1.0940801,2.2748617106783987e-85,5.1358661521900735e-83
6,FMN1,19.579523,1.8966898,2.3117783247306857e-85,5.188867093287957e-83
6,EHD1,19.532513,1.4682423,5.810948559154989e-85,1.2892958624984913e-82
6,SOD1,19.460342,0.98479694,2.3818870803117188e-84,5.1952052329104074e-82
6,PITPNC1,19.405033,1.4275206,6.997402860745953e-84,1.4924957726075042e-81
6,CD6,19.254118,1.4807916,1.303738035990624e-82,2.7354407944268494e-80
6,PASK,19.237196,1.8361105,1.80727189522986e-82,3.771434529040215e-80
7,TIGIT,31.494251,4.9956393,1.0412792870035826e-217,4.019962815406031e-213
7,TBC1D4,31.301645,3.2792664,4.4318850550642367e-215,8.554867721790496e-211
7,CTLA4,29.348751,5.6181855,2.4788602912409757e-189,2.3924720100912278e-185
7,ICA1,29.198725,5.934333,2.0129226615962415e-187,1.55421784547169e-183
7,FYN,28.912592,2.5520897,8.293140493235424e-184,5.336083031364114e-180
7,TOX,28.801888,4.478674,2.0313151374430557e-182,1.120299317087523e-178
7,PRKCH,28.39404,2.6536973,2.3956106676543973e-177,1.1560618179433208e-173
7,STAM,28.383253,2.949508,3.2551124028737667e-177,1.396298549170496e-173
7,ATXN1,27.995148,2.6859295,1.861506129953799e-172,7.186530565299637e-169
7,PHACTR2,27.833935,3.3755708,1.6856937677812606e-170,5.916172145360304e-167
7,ETS1,27.779556,1.72138,7.661326698448681e-170,2.4647764876692482e-166
7,RNF19A,27.206566,2.4704585,5.4310742678359583e-163,1.6128619475698077e-159
7,CD3D,26.957424,2.4956543,4.668579851182344e-160,1.2873942409624684e-156
7,LDLRAD4,26.773994,2.3505604,6.491041780146971e-158,1.5662072435272122e-154
7,SLA,26.658314,2.9163353,1.4335140487697782e-156,3.2554260804003566e-153
7,SRGN,26.447596,2.169545,3.8887234867593e-154,8.340447718323864e-151
7,GLCCI1,26.329973,2.6012409,8.70462697045913e-153,1.7686885727449744e-149
7,SYNE2,26.324413,2.2566667,1.0078730101628309e-152,1.9454972715173125e-149
7,IL6ST,26.167294,1.9673202,6.264898393147173e-151,1.1517269874563799e-147
7,IKZF2,25.890081,3.6068566,8.613154003236572e-148,1.5114519247679594e-144
7,CD2,25.851454,2.665372,2.3432536725490265e-147,3.93320222967077e-144
7,FYB1,25.783873,2.6599133,1.344932323670772e-146,2.163435720318076e-143
7,ICOS,25.680843,3.199461,1.9135012368500095e-145,2.8412549519165947e-142
7,TIAM1,25.556643,3.0764167,4.632378495630022e-144,6.623614970455283e-141
7,IPCEF1,25.40691,2.5401068,2.11531085847229e-142,2.916560392935044e-139
7,TNIK,25.231707,2.4531527,1.7984699718817632e-140,2.3941976460161156e-137
7,DGKH,25.184786,3.6469073,5.880345785276994e-140,7.5672209795467875e-137
7,CD247,24.883062,2.3030605,1.134962325927549e-136,1.4134308243470631e-133
7,CBLB,24.80132,2.4288478,8.676065382168536e-136,1.0467130629499952e-132
7,ITK,24.531984,2.3530853,6.734594567882643e-133,7.646934055519921e-130
7,ZNF831,24.205872,2.2132716,1.9295399064730484e-129,2.1283376465513858e-126
7,GPRIN3,24.086346,2.5896306,3.475423924849152e-128,3.727006001186844e-125
7,CD28,24.053322,2.432605,7.705693049052819e-128,8.040161779776571e-125
7,NAP1L4,24.034794,1.6317412,1.2039958822832243e-127,1.223196448195425e-124
7,TSPAN5,24.019346,2.838715,1.7461765746296776e-127,1.7285357138500855e-124
7,CD3E,23.995539,2.1309855,3.0956510292675663e-127,2.987767590897592e-124
7,HNRNPLL,23.57466,3.4084053,7.014189733829463e-123,6.604629484493176e-120
7,CD27,23.557096,2.516055,1.0617853613174563e-122,9.759829918814696e-120
7,WNK1,23.517857,1.4391811,2.678424885777776e-122,2.404727235821787e-119
7,BATF,23.186079,3.6911395,6.292154587041084e-119,5.168402552921449e-116
7,PYHIN1,23.135653,3.3507252,2.0275300429219493e-118,1.5974454048376484e-115
7,BICDL1,23.024616,2.289206,2.6425619842874016e-117,2.0003676071646946e-114
7,ABCC1,23.004124,1.9579673,4.2387093691309206e-117,3.146915652012852e-114
7,IQGAP2,22.933279,2.0538785,2.163958120448269e-116,1.5762597584533185e-113
7,ITM2A,22.866055,2.4927287,1.0117958546395409e-115,7.233590882261873e-113
7,PTPRJ,22.667542,2.4335139,9.368205018426635e-114,6.458373623953191e-111
7,FAS,22.485405,3.0107398,5.767215116775262e-112,3.8387777034176856e-109
7,PTPRC,22.203865,1.0243477,3.1515530387465633e-109,1.957391152753747e-106
7,TRAC,22.20326,2.1357372,3.194209258236701e-109,1.957391152753747e-106
7,CNOT6L,21.74126,1.5972869,8.357180642021496e-105,4.815482326356446e-102
7,TOX2,21.60937,6.541251,1.466367850391057e-103,8.204434381477847e-101
7,FKBP5,21.50557,1.7885176,1.3807899467810347e-102,7.507996716257553e-100
7,B2M,21.28714,0.63094676,1.4937304623217824e-100,7.299614965619586e-98
7,CD3G,21.21616,2.1429896,6.773657565032383e-100,3.268797799445502e-97
7,GK,20.925812,3.3884687,3.117125614865826e-97,1.4498765239459047e-94
7,CASK,20.853895,1.8742642,1.4050576043469106e-96,6.457577842073432e-94
7,ZBTB38,20.59309,1.9830384,3.1652875656584e-94,1.3730235029191931e-91
7,STAT5B,20.537344,1.8581287,9.987560394324628e-94,4.284219517592184e-91
7,CRYBG1,20.453947,1.840796,5.540562429734284e-93,2.275520778322572e-90
7,SIRPG,20.390438,3.0535538,2.033196344964624e-92,8.092121452959204e-90
7,NCALD,20.238304,4.5769396,4.5041020212360296e-91,1.7564178043620016e-88
7,DUSP16,20.068192,2.2399795,1.400062624839492e-89,5.2990997739758265e-87
7,CFLAR,20.021421,1.5362041,3.5835537397266556e-89,1.3175873873894025e-86
7,BCL11B,20.006193,1.9505146,4.864081251038013e-89,1.7715351016752222e-86
7,SGPP2,19.999924,2.9520314,5.5156876720030366e-89,1.990080731451862e-86
7,PAM,19.80203,2.7342336,2.8593281094087147e-87,9.856001874270789e-85
7,SKAP1,19.70978,1.6089556,1.77737549276649e-86,5.966726806412444e-84
7,LCP2,19.621313,1.9050387,1.0169043725623687e-85,3.3270008650121025e-83
7,CD96,19.554882,1.9593543,3.748767035701667e-85,1.196073555209079e-82
7,ZC3H7A,19.471506,1.4939535,1.9155540021426999e-84,6.012347789164314e-82
7,PPP2R5C,19.251987,1.1508617,1.3584979277730374e-82,4.129619763748495e-80
7,SOD1,19.236315,1.0795578,1.838245505507671e-82,5.544320780127277e-80
7,TRBC2,19.22314,1.6238227,2.3698121475720184e-82,7.092168044121344e-80
7,IL32,19.214863,2.4318697,2.779706702366446e-82,8.254873611658386e-80
7,RGS1,19.113352,2.041331,1.955010453186537e-81,5.717813148160564e-79
7,RTKN2,19.102293,3.7772713,2.416379919775181e-81,7.014042344574484e-79
7,INPP4B,19.066618,1.7690454,4.7825196405420745e-81,1.377865322707219e-78
7,TNFSF8,19.005806,2.170961,1.5268503688898844e-80,4.366339654915769e-78
7,MSI2,18.9986,1.4554287,1.751572695923338e-80,4.972148198442381e-78
7,SPOCK2,18.951353,1.4003402,4.303802987486374e-80,1.2127928331014521e-77
7,NIBAN1,18.586807,3.303689,4.109224313474615e-77,1.1093756213007062e-74
7,GBP2,18.482796,1.7717417,2.840711783337114e-76,7.563346145345698e-74
7,TSPYL2,18.388794,1.3139262,1.6153561733566847e-75,4.242342886299875e-73
7,CELF2,18.259825,1.0068961,1.7284285910049168e-74,4.419053919492438e-72
7,CD4,18.234295,2.6686888,2.7578839223095484e-74,6.958880176776629e-72
7,ENSG00000241490,18.23097,2.3402522,2.9307004640400793e-74,7.346923513943591e-72
7,HLA-A,18.192993,0.7028971,5.864889416494381e-74,1.4607736826656908e-71
7,CCSER2,18.13656,1.4844056,1.6397758043379666e-73,4.006657259637439e-71
7,LRRC8D,17.975294,2.205793,3.0424587403455543e-72,7.162022081084175e-70
7,GAPDH,17.88065,1.1412034,1.6688220907960289e-71,3.83491343078997e-69
7,STAT3,17.861614,1.0607162,2.347494464157026e-71,5.362566348121074e-69
7,SLFN5,17.61603,1.6828917,1.8558385115722408e-69,4.165494277776624e-67
7,PCNX2,17.510605,1.8253001,1.1892283300369476e-68,2.63858327065554e-66
7,STK39,17.50923,1.8032812,1.2182970798199395e-68,2.687632975058776e-66
7,ARHGEF3,17.399403,1.5606229,8.336691200922143e-68,1.778156356369062e-65
7,TBC1D2B,17.378216,2.0711477,1.206491386136805e-67,2.5452353253113385e-65
7,TNFRSF4,17.311693,3.1324627,3.8396096555301524e-67,7.926843334834067e-65
7,SH2D1A,17.296896,3.018884,4.964317380386505e-67,1.0194278552510713e-64
7,MIR3142HG,17.263908,3.6431258,8.794994598236579e-67,1.7965056161879438e-64
7,LINC00649,17.171455,2.7926,4.3439386048031977e-66,8.689227656841049e-64
8,EGR1,26.838896,2.4687443,1.13682658539202e-158,4.388832715564432e-154
8,NDFIP1,26.753891,2.3481643,1.1125615389015014e-157,2.1475775385415682e-153
8,LEF1,26.214655,2.5596619,1.808866518355139e-151,2.3277700269206167e-147
8,SYTL3,26.177553,2.6830878,4.787634270732216e-151,4.6207852163971985e-147
8,RGCC,25.313883,2.6875265,2.246739534403515e-141,1.7347525293036421e-137
8,HSPA8,25.140362,1.268885,1.801479168168181e-139,1.1591317461050133e-135
8,EIF4A3,24.454065,1.6064181,4.5554673292090976e-132,2.5124053101635206e-128
8,IL7R,24.41637,3.4246178,1.1460966625732882e-131,5.530775969413046e-128
8,BCL11B,24.080122,2.4822855,4.0384574242670036e-128,1.7323187480139104e-124
8,TOB1,23.964016,1.9986086,6.600790720196291e-127,2.5483012654389802e-123
8,TNFAIP3,23.638065,2.2246766,1.5659248086935295e-123,4.650314858801723e-120
8,DNAJB1,23.600819,1.8791865,3.780210174182316e-123,1.0424199570320177e-119
8,CAMK4,23.504698,2.3545613,3.651570318367726e-122,9.398168247393629e-119
8,OXNAD1,23.491196,2.0788193,5.017897652425943e-122,1.2107559798097248e-118
8,INTS6,23.486124,1.815057,5.65404602666637e-122,1.2840005935616583e-118
8,YPEL5,23.442867,1.3783977,1.562997953085066e-121,3.3522832764890034e-118
8,SLC16A10,23.109047,2.6865325,3.7551571762807723e-118,7.248579897374775e-115
8,TPT1,22.860184,0.61850244,1.1574021087544204e-115,1.9427246004597022e-112
8,PRKCA,22.739967,2.0692072,1.8036061211602054e-114,2.7852007165404354e-111
8,NR4A1,22.676367,1.4103742,7.66652400488902e-114,1.0526385586383112e-110
8,LEPROTL1,22.673513,1.9018769,8.17985721368423e-114,1.0526385586383112e-110
8,FOSB,22.670132,1.3296227,8.832968503851945e-114,1.10001800664422e-110
8,SERINC5,22.644289,1.921261,1.5881570732431628e-113,1.905155217877852e-110
8,RBMS1,22.643183,1.8851055,1.6285065065007803e-113,1.905155217877852e-110
8,CALM1,22.56526,1.0303922,9.511111498062211e-113,1.0491027728405422e-109
8,TCF7,22.320942,1.8997087,2.3136593583272712e-110,2.481142588543962e-107
8,HSP90AA1,21.816612,1.3849822,1.613784381882521e-105,1.4833752344513477e-102
8,AAK1,21.767876,1.8757005,4.678150698716406e-105,4.2001089738289674e-102
8,MLLT3,21.692606,2.011711,2.4094310567746955e-104,2.1140567131328157e-101
8,FYB1,21.681252,2.198899,3.0838089813891395e-104,2.6456339896779806e-101
8,IL6ST,21.608938,1.501155,1.4801135489638836e-103,1.1661482381897895e-100
8,UBE2S,21.390976,1.4059608,1.6213270771551485e-101,1.1809991158613522e-98
8,SARAF,21.328735,0.986321,6.144627806196868e-101,4.3130818379279324e-98
8,STAT4,21.238457,2.2026663,4.21507336862012e-100,2.805640042568075e-97
8,PRKCQ-AS1,21.231205,2.3206334,4.91850137154709e-100,3.2183671855923214e-97
8,PLCL1,20.92455,2.2381716,3.200709153177825e-97,1.9613742471044936e-94
8,CD3E,20.91681,1.8955466,3.7647659117017775e-97,2.2709773872993565e-94
8,PTMA,20.896376,0.6264844,5.776888556182774e-97,3.431116301538341e-94
8,LBH,20.863064,1.375965,1.1599809598980125e-96,6.68391416982428e-94
8,SLC2A3,20.791424,1.308263,5.175205803323561e-96,2.8955651484508606e-93
8,UBB,20.53999,1.0956409,9.458403308181454e-94,5.002070111173332e-91
8,ZC3HAV1,20.52438,1.119096,1.3041910849603376e-93,6.804000138645783e-91
8,ITK,20.264883,1.9481553,2.6258703229315916e-91,1.3165499959363251e-88
8,TRAT1,20.215223,2.2125378,7.191863078027408e-91,3.559603410132386e-88
8,PHLDB3,19.966625,1.84322,1.074740685133884e-88,4.939457010747468e-86
8,CHRM3-AS2,19.96423,2.181121,1.1275372852223353e-88,5.121141698034526e-86
8,TUBB4B,19.94857,1.1725795,1.5423325103797442e-88,6.92363824368842e-86
8,CD247,19.927984,1.8445884,2.3274631918097387e-88,1.0328051032529515e-85
8,CD3D,19.786814,1.7414736,3.8673231351694753e-87,1.6775491792848626e-84
8,TRABD2A,19.778208,2.0321898,4.587111587829995e-87,1.967666999552942e-84
8,PITPNC1,19.664555,1.692995,4.3396857923756506e-86,1.763556944215309e-83
8,ITGA6,19.64408,2.0330095,6.496368408771766e-86,2.6124874873858626e-83
8,PDE3B,19.635073,1.9322916,7.756983276222794e-86,3.0557764934883385e-83
8,LDHB,19.592297,1.2758678,1.7988712153328386e-85,6.944722213913956e-83
8,SOD1,19.287943,1.1081823,6.781968940042303e-83,2.492732389451132e-80
8,IPCEF1,19.198105,1.9096164,3.838477883564465e-82,1.3595254786503644e-79
8,CNOT6L,19.025625,1.45324,1.0463276230284472e-80,3.4822865702272614e-78
8,RPL30,19.01746,0.5045074,1.222668765052068e-80,4.0343889182564216e-78
8,PLK3,18.827871,1.5630134,4.46346502094984e-79,1.4480380722587353e-76
8,RPS15A,18.824001,0.5593031,4.801818465309699e-79,1.5448250305978853e-76
8,CD6,18.823336,1.6555701,4.8624849520878816e-79,1.5514140004983866e-76
8,H2AX,18.818512,1.3886092,5.3259835852954385e-79,1.685368215523899e-76
8,NOSIP,18.793758,1.5900418,8.494504653995559e-79,2.6661694851394516e-76
8,FUS,18.783188,0.8602949,1.0366358928140962e-78,3.227448812740403e-76
8,TSHZ2,18.708609,2.3329375,4.2123130325334393e-78,1.2606244723564802e-75
8,FAM118A,18.695026,1.9230633,5.434427291433026e-78,1.6138576924081802e-75
8,SATB1,18.654383,1.5610226,1.1633957324772818e-77,3.4285538662609116e-75
8,RPS14,18.651464,0.59624577,1.2286384152566493e-77,3.593395049954409e-75
8,GIMAP7,18.58884,2.1714466,3.956367629767073e-77,1.1398472292148332e-74
8,FAM177A1,18.547115,1.4635674,8.604796326291556e-77,2.4607167923911983e-74
8,RPS3A,18.540537,0.5008693,9.724725922770156e-77,2.7605350659887108e-74
8,LYPD3,18.49897,2.6355083,2.1045399355006393e-76,5.845170413664582e-74
8,TSC22D3,18.349176,0.9670145,3.35148944334474e-75,9.111802918997679e-73
8,TMEM71,18.31887,2.0293915,5.851444663152299e-75,1.5797263822773263e-72
8,SCML4,18.280174,1.7803984,1.190452103494214e-74,3.1915690213540015e-72
8,INPP4B,18.248634,1.6750637,2.1214919914215202e-74,5.609747932932822e-72
8,JUN,18.246895,1.1342516,2.190095937293714e-74,5.751758078582389e-72
8,SAMHD1,18.170729,1.8871981,8.80230167915195e-74,2.2806822726532896e-71
8,PTGER4,18.10477,1.7108896,2.9223013910902725e-73,7.471415066518612e-71
8,MALAT1,18.07294,0.3632814,5.2063113407757154e-73,1.3136918668103744e-70
8,DNAJA1,18.070168,0.91170377,5.474657349577072e-73,1.3724326080374835e-70
8,TESPA1,18.021526,1.9177933,1.320477186422109e-72,3.2061850477365996e-70
8,PCSK5,18.010893,2.1623182,1.6002490064267258e-72,3.861200821381886e-70
8,JUND,17.975203,0.754513,3.0475242008965926e-72,7.217958239252384e-70
8,RGS10,17.917753,1.4042642,8.571955696549781e-72,2.0178592781768343e-69
8,TRAC,17.806545,1.5592272,6.287331588751732e-71,1.4534654090739485e-68
8,PRKCH,17.780878,1.5694411,9.941098853949309e-71,2.2844408473545657e-68
8,RPS13,17.725962,0.5200358,2.6435030933825946e-70,6.0032400248899085e-68
8,GSTM3,17.702026,2.0832114,4.0448646390872345e-70,9.13193241266677e-68
8,CD96,17.673468,1.7138535,6.714085484554506e-70,1.5069999082366937e-67
8,PER1,17.586441,1.0890204,3.129193427903152e-69,6.94285295848443e-67
8,H1-10,17.563908,1.4651316,4.655645162101945e-69,1.0212263473187936e-66
8,ETS1,17.48714,1.0914298,1.7954334144869466e-68,3.872318569814696e-66
8,FKBP5,17.481266,1.2169368,1.9902868750447073e-68,4.258883066707001e-66
8,AK5,17.454117,2.5100996,3.202903736202909e-68,6.794027562629093e-66
8,TNIK,17.414547,1.5580484,6.399299687334212e-68,1.3500074520722655e-65
8,RPS12,17.399876,0.56264967,8.26832983409461e-68,1.734821421603568e-65
8,RORA,17.38667,1.5165993,1.0411204887464304e-67,2.160940730566919e-65
8,PBX4,17.383175,1.4400206,1.1065389026775282e-67,2.2844406885972543e-65
8,ARIH1,17.324326,0.81975794,3.0829160172667324e-67,6.297304537703676e-65
9,INPP5A,27.67505,2.3280222,1.394393394833573e-168,5.383195140094492e-164
9,LY9,27.294802,2.681243,4.88910863809689e-164,9.437446404118427e-160
9,CYRIA,25.925581,2.601283,3.428739503412923e-148,4.41233057562531e-144
9,TNFRSF13B,24.467276,2.997303,3.295770889721677e-132,3.1809132742148766e-128
9,CCSER1,23.79231,2.542709,4.0116777655245594e-125,3.097496636316823e-121
9,MAST4,23.686468,2.8210723,4.971471111344219e-124,3.198810228742582e-120
9,TNFSF9,23.043398,2.6824853,1.7131572585041403e-117,9.448307017401548e-114
9,EBF1,22.647343,2.1827185,1.481845867533625e-113,6.356460173555903e-110
9,CXCR5,22.491951,2.1675982,4.9762955199973705e-112,1.921148648450185e-108
9,ARHGAP24,22.413353,2.180496,2.916340063316736e-111,1.0235293134945991e-107
9,COL4A3,21.934637,2.8504968,1.2140326967622242e-106,3.905745524266869e-103
9,PLEKHG1,21.199636,1.8838239,9.623780232351702e-100,2.857966612693614e-96
9,MANBA,21.087385,1.8131121,1.038456846242261e-98,2.863618929002052e-95
9,BANK1,21.078083,2.3401284,1.2640032650845002e-98,3.253207336790147e-95
9,LINC01857,20.88106,2.4964085,7.960762267326718e-97,1.9208324255775955e-93
9,HERPUD1,20.855547,1.4258436,1.3573590510597261e-96,3.082482560306576e-93
9,TRAF3,20.686388,1.3843758,4.5935371411672316e-95,9.852116381772341e-92
9,GNG7,20.601004,1.6482807,2.688145317311741e-94,5.462028322112477e-91
9,KDM4B,20.240923,1.4576753,4.270965402540258e-91,7.851661444308057e-88
9,CR1,19.800648,1.9609064,2.9388977676608755e-87,5.157231237196171e-84
9,DDX21,19.51328,1.16645,8.466878120009348e-85,1.4211838987003516e-81
9,RPS11,19.293962,0.5901957,6.03650702801441e-83,9.710224596813514e-80
9,AUTS2,19.171635,1.7875597,6.38693259129187e-82,9.483612293054382e-79
9,PIKFYVE,19.109472,1.541354,2.1058769724004683e-81,2.903553085589017e-78
9,GNA13,18.854097,1.1977848,2.7193689715587626e-79,3.4994652838665864e-76
9,PPFIBP2,18.811369,2.4397907,6.094331084685095e-79,7.58960470501138e-76
9,SMIM14,18.594194,1.672993,3.5805515464983745e-77,4.319711656378633e-74
9,PARVB,18.416773,1.6720307,9.638052621247033e-76,1.1275353318056452e-72
9,MARCKS,18.328123,1.6933693,4.936448616727844e-75,5.60519221462927e-72
9,OSBPL10,18.149687,1.6347686,1.2913443547421786e-73,1.3119378989256985e-70
9,FNBP1,18.10916,0.93023026,2.698410168934762e-73,2.671149307228088e-70
9,CYBA,18.075207,1.0190374,4.99669161870821e-73,4.7049335763865645e-70
9,MAP3K8,18.068026,1.454621,5.691423548710829e-73,5.231502321941197e-70
9,LY86,17.84117,1.4836402,3.38534533279506e-71,3.0394102771601418e-68
9,PRDM4,17.828604,1.4565297,4.2387833541953314e-71,3.7191470493651125e-68
9,LPCAT1,17.804308,1.8356085,6.543505282650824e-71,5.613745887600394e-68
9,CYBB,17.750278,1.4919941,1.7149989013894402e-70,1.439331469283494e-67
9,CCDC107,17.673244,1.6536106,6.740630452300656e-70,5.536782537053598e-67
9,VPS37B,17.647966,1.1942095,1.0548653325708177e-69,8.484193964422707e-67
9,TNFRSF13C,17.606874,1.3962616,2.1816622073822997e-69,1.718882677106144e-66
9,TBC1D9,17.559978,1.8927526,4.989490942265454e-69,3.8524857463420023e-66
9,RALGPS2,17.449976,1.4641554,3.44381342348233e-68,2.6068992358227224e-65
9,CD79A,17.44377,1.6549106,3.839027010684049e-68,2.8501822456628537e-65
9,NR4A3,17.43811,1.5288678,4.238590948231385e-68,3.087453625423035e-65
9,RAPGEF1,17.414839,1.3593595,6.366726833947435e-68,4.551738076877309e-65
9,EEF2,17.351547,0.60479766,1.9199982804786213e-67,1.3236331002885295e-64
9,CD70,17.233477,2.880269,1.4892371635673842e-66,1.0086577181874112e-63
9,CCDC50,17.215776,1.4549088,2.0221822033514225e-66,1.34600631280319e-63
9,SNED1,17.018938,1.8604294,5.9439232037685175e-65,3.889340664486227e-62
9,PARP15,16.973042,1.2802473,1.3002114511460082e-64,8.365993880490464e-62
9,SEMA7A,16.930933,1.6360174,2.6612954154979283e-64,1.6571285614631134e-61
9,FARP2,16.927927,1.5823183,2.800755264164084e-64,1.716285043306645e-61
9,SMAD3,16.88705,1.2590034,5.603458788811624e-64,3.380111406263462e-61
9,JAM3,16.877136,1.647391,6.62827302016229e-64,3.936786280252082e-61
9,SPIB,16.870897,1.7310961,7.366819968791674e-64,4.3091432078056266e-61
9,PRDM2,16.851883,0.9226733,1.0162682563138797e-63,5.686094536703426e-61
9,RHEX,16.826557,1.5972313,1.5590940422502942e-63,8.598626370730694e-61
9,GPR183,16.816078,1.3525044,1.860767809620942e-63,9.977333619198068e-61
9,PCBP3,16.806791,1.9152638,2.176339754337162e-63,1.1509557884375408e-60
9,EEF1G,16.692783,0.5586793,1.4791001617872103e-62,7.716505519723924e-60
9,RGS2,16.660542,1.3038601,2.5371605718814042e-62,1.3059949471740465e-59
9,RPL27A,16.639166,0.50258744,3.626387717770075e-62,1.8421095293714673e-59
9,RPL13A,16.604908,0.43698934,6.421872152551119e-62,3.2197765756024484e-59
9,EZR,16.475536,0.7851364,5.499886713177724e-61,2.6541078306117404e-58
9,LINC01781,16.408884,2.6993792,1.6521599428101626e-60,7.778449603918187e-58
9,RAB11FIP1,16.345835,1.1869385,4.657555430039886e-60,2.1405902968109503e-57
9,NAPSB,16.317743,1.5071621,7.381481258520267e-60,3.3525819466639223e-57
9,BLK,16.280285,1.288758,1.3623188734024387e-59,5.976554821201653e-57
9,LPIN1,16.225618,1.2741885,3.323507434457914e-59,1.4256369779409137e-56
9,JADE3,16.132786,1.6866488,1.5009512198569703e-58,6.367661845472329e-56
9,RIPK2,16.115423,1.4325732,1.987984067486447e-58,8.342186185802366e-56
9,NAMPT,16.0154,1.0366061,9.976329894825755e-58,4.097299914038756e-55
9,CD82,15.996578,1.3995501,1.3499286710779582e-57,5.485825923751121e-55
9,ZNF141,15.986825,1.6175743,1.5787417762238278e-57,6.348844272176781e-55
9,CD83,15.9859705,1.614041,1.600538738608079e-57,6.370144179660154e-55
9,SLBP,15.981844,1.2218117,1.7101174761692486e-57,6.736815845407144e-55
9,CDKN1A,15.950013,1.1848946,2.848388341175122e-57,1.0996488029940675e-54
9,BACH1,15.940461,1.1519928,3.318963712753417e-57,1.26863280291642e-54
9,COBLL1,15.895257,1.3679365,6.834709257708942e-57,2.561755200030208e-54
9,SNX25,15.868553,1.1983302,1.0462547676707444e-56,3.883818419297765e-54
9,RPS20,15.85389,0.45259985,1.32140215008419e-56,4.8584810863000233e-54
9,CD24,15.760469,1.3347439,5.819945940664052e-56,2.0998582521988448e-53
9,ATP1B3,15.753658,1.3363558,6.482094651548812e-56,2.3171087603490135e-53
9,VPREB3,15.743969,1.3665619,7.555235442192182e-56,2.6759396282685447e-53
9,PRKCB,15.731507,0.94340545,9.199450521214207e-56,3.2286726074726876e-53
9,BCL11A,15.715991,1.333227,1.1752912425582865e-55,4.0876841180365054e-53
9,RPL8,15.608132,0.48723006,6.408521506512904e-55,2.189445852039267e-52
9,ANKRD13A,15.596195,1.1767265,7.726384230002502e-55,2.6165332419603212e-52
9,AP1S3,15.578414,1.6554195,1.0205626466785278e-54,3.426073177188804e-52
9,SEL1L3,15.565154,1.2653195,1.2556762694615885e-54,4.179020522313283e-52
9,TNS3,15.435299,2.0262363,9.476086233590505e-54,3.100286314694874e-51
9,HES1,15.411746,1.8124745,1.3647478074817969e-53,4.4275171307262396e-51
9,SLC25A6,15.405918,0.76790285,1.4935322211216156e-53,4.804942077385091e-51
9,EMILIN2,15.398792,1.8349104,1.6675451132857955e-53,5.3204336069017706e-51
9,PEA15,15.397454,1.4409662,1.7024054094741758e-53,5.387136330996724e-51
9,CHPT1,15.384888,1.2486784,2.0673412543386563e-53,6.488762314227493e-51
9,CDK14,15.38085,1.2769064,2.2004125332134352e-53,6.850735988486926e-51
9,RPS23,15.369331,0.44764954,2.628691204673543e-53,7.990807295088725e-51
9,AIM2,15.267954,1.6828657,1.2503567814668484e-52,3.7711932738522775e-50
9,TENT5C,15.249293,1.0141912,1.6642423128296357e-52,4.980599901480691e-50
10,KLRK1,30.015762,4.573394,6.1119041452154636e-198,2.3595617143018816e-193
10,CD8A,29.073767,5.2309904,7.706420274296048e-186,1.487570305547366e-181
10,LINC02446,27.83031,7.1367173,1.8648373353535158e-170,2.399797005621928e-166
10,NELL2,27.647736,3.8601549,2.971371313088169e-168,2.8678190228270462e-164
10,PDE3B,27.45711,3.2307134,5.714286487139873e-166,4.412114882450439e-162
10,CD8B,27.284351,5.3197837,6.505100264826366e-164,4.1855983470647784e-160
10,APBA2,25.31665,3.2045834,2.0944523237138853e-141,1.0107303301162282e-137
10,NDFIP1,25.179316,2.4046514,6.75023657864134e-140,2.8955514817225287e-136
10,MGAT4A,23.953007,2.367752,8.597109017886035e-127,3.3189999074450825e-123
10,OXNAD1,23.81074,2.4080288,2.5851506168577015e-125,9.072938610400765e-122
10,LEPROTL1,23.749117,2.2083645,1.1220672930931058e-124,3.609877493096037e-121
10,THEMIS,23.715408,2.7561452,2.5006412143418435e-124,7.426134978529323e-121
10,LEF1,23.542995,2.5053756,1.4809207362133895e-122,4.083744710161008e-119
10,CAMK4,22.836857,2.5471864,1.97427176566853e-115,5.081249052359951e-112
10,PITPNC1,22.438465,2.253366,1.6587326313398834e-111,4.002314497844221e-108
10,STAT4,22.366497,2.5293672,8.343822968367031e-111,1.8948331148045743e-107
10,RGS10,22.29785,2.013419,3.8767960797264264e-110,8.314866080773245e-107
10,IL7R,22.222858,3.3970337,2.064988437626814e-109,4.1958391380537246e-106
10,ATP8A1,22.048475,2.0056999,9.87964443914365e-108,1.907067766087899e-104
10,SATB1,21.95615,2.0383558,7.564207696367491e-107,1.3905895348855398e-103
10,TOB1,21.927118,1.9564956,1.4321290954960077e-106,2.5131261754872213e-103
10,CNOT6L,21.920553,1.8003844,1.6543475872889062e-106,2.7768583893424134e-103
10,DOCK10,21.878267,1.698182,4.184437967948768e-106,6.731017174609589e-103
10,SLC16A10,21.717842,2.5229294,1.3916601883926649e-104,2.1490573293234888e-101
10,ABLIM1,21.571892,2.1169503,3.299202313370434e-103,4.898807865768422e-100
10,RGCC,21.397404,2.3926785,1.412593436415861e-101,2.01979934097299e-98
10,PRKCH,21.17974,2.1527495,1.4683882190174501e-99,1.8286643736576672e-96
10,CD96,21.178177,2.2463717,1.5179700697788269e-99,1.8313360160587935e-96
10,BCL11B,21.16355,2.3763156,2.070314196026028e-99,2.422016662175177e-96
10,CD3E,21.069616,2.1216424,1.5114838911652225e-98,1.6672099172092737e-95
10,PSMA1,20.992664,1.8697135,7.653177558430042e-98,8.207182578354172e-95
10,FAM177A1,20.850864,1.7919847,1.4969336071773992e-96,1.481810739453607e-93
10,TRABD2A,20.792414,2.3404949,5.069483879499362e-96,4.773475479315911e-93
10,TNFAIP3,20.679136,2.1281419,5.3388817447516434e-95,4.907449253282904e-92
10,CD55,20.504154,1.3318729,1.9767432439862623e-93,1.7344124926666736e-90
10,CD7,20.458986,2.2013316,4.996714644791133e-93,4.018815949516802e-90
10,PCSK5,20.441029,2.6257896,7.220133952287618e-93,5.688581456367668e-90
10,HIPK1,20.314293,1.7935351,9.612379800594793e-92,7.421910691635251e-89
10,YES1,20.307823,2.5391738,1.0965590398498475e-91,8.300736920086905e-89
10,NUCB2,20.25318,2.3525536,3.3303270623092814e-91,2.4725116647598483e-88
10,PRKCA,19.913933,1.9737651,3.08152024989383e-88,2.1243780494178784e-85
10,CD3D,19.82739,1.9609785,1.7277205990611802e-87,1.1701821306553672e-84
10,SYTL3,19.731163,2.141202,1.1645836828523852e-86,7.751709941413652e-84
10,CRTAM,19.552675,3.7591295,3.9144159125815156e-85,2.4374183987277742e-82
10,DIP2A,19.531784,2.0528631,5.894487687215669e-85,3.555665494572627e-82
10,SERINC5,19.376913,1.7243307,1.2088558936462767e-83,7.071074337895176e-81
10,MRPL1,19.303406,2.2963653,5.028295880329375e-83,2.854741040529351e-80
10,PRKCQ-AS1,19.084469,2.1232047,3.399142759437826e-81,1.822601463484121e-78
10,ACTN1,18.95869,2.5209417,3.743424607773219e-80,1.9269153387692386e-77
10,ABTB3,18.942633,2.8954256,5.079234520772689e-80,2.5801174724861896e-77
10,RPS12,18.865496,0.6323423,2.1920266637029932e-79,1.099030926998932e-76
10,TESPA1,18.84935,2.1186469,2.974735706199426e-79,1.47234162401968e-76
10,RNF125,18.771063,2.2022593,1.3025457697776812e-78,6.208158270128044e-76
10,CD6,18.708076,1.7849922,4.254522656398523e-78,1.978916887625559e-75
10,AAK1,18.705528,1.791679,4.462908831025882e-78,2.051131646792681e-75
10,RPS14,18.692528,0.6270494,5.694909627407381e-78,2.5865609538316393e-75
10,SNRK,18.6202,1.4982064,2.203907734459843e-77,9.668643408699624e-75
10,RPS3A,18.549444,0.5217539,8.239935905232501e-77,3.574280511880966e-74
10,RALGAPA1,18.385397,1.3531348,1.7197464915476477e-75,7.29588275304269e-73
10,TMSB10,18.366175,0.83810633,2.4508800745966893e-75,1.0174051199987074e-72
10,PABPC1,18.197214,0.61308706,5.429942122066394e-74,2.1836285996301588e-71
10,FYB1,18.105751,2.0003922,2.870675743650416e-73,1.1308704873404893e-70
10,HCST,18.011862,1.682376,1.5724857847080917e-72,6.132059212569756e-70
10,PRMT2,18.007687,1.6686574,1.6956717151744205e-72,6.546310223602368e-70
10,SARAF,18.001904,0.90199655,1.8823642594543193e-72,7.055393650533344e-70
10,SMCHD1,17.972794,1.2612406,3.1828038901613276e-72,1.181493528688156e-69
10,LYPD3,17.832872,2.5495803,3.927114470184213e-71,1.4439064879612545e-68
10,CD247,17.814213,1.7230753,5.482350367150098e-71,1.978052507235483e-68
10,TGFBR2,17.77778,1.3767366,1.0505713771919545e-70,3.676887740690495e-68
10,ZEB1,17.69014,1.5795377,4.995053077987306e-70,1.6915703432348942e-67
10,ITK,17.598528,1.7990265,2.5281012906875147e-69,8.34186995113523e-67
10,LDHB,17.572582,1.2645617,3.9957010689966513e-69,1.2962860123502918e-66
10,TCF7,17.532265,1.625786,8.126810437292335e-69,2.5929226755546107e-66
10,INPP4A,17.462177,1.9107703,2.7812394264150767e-68,8.801026991490201e-66
10,NOSIP,17.374914,1.5665028,1.2779604723689316e-67,3.978785644860885e-65
10,USP3,17.326317,1.3301349,2.977954427495938e-67,9.05251249038647e-65
10,PTGER4,17.319357,1.6743028,3.360953734399959e-67,1.0136951552362875e-64
10,PDCD4,17.303455,1.1489542,4.429964478033992e-67,1.325761307278917e-64
10,SPOCK2,17.298683,1.417485,4.812603606195404e-67,1.429195190929075e-64
10,AOAH,17.239126,2.6296668,1.3506317574427026e-66,3.950188608169165e-64
10,CHD2,17.234362,0.9682402,1.4666209884599968e-66,4.2571706677057625e-64
10,TPT1,17.232279,0.49971533,1.5204100002788973e-66,4.380369288863217e-64
10,RORA,17.202253,1.6707803,2.553994244211356e-66,7.249963367060561e-64
10,CTSW,17.199556,2.994557,2.6757474284293105e-66,7.540139067295034e-64
10,SCML1,17.159704,1.7364516,5.318371556812567e-66,1.4878337124804778e-63
10,MLLT3,16.877062,1.7367624,6.636769854700142e-64,1.791742216857019e-61
10,TXK,16.862839,1.7451723,8.443327977449743e-64,2.2636327770654498e-61
10,YPEL5,16.789131,1.0451812,2.931051795788976e-63,7.645688218123595e-61
10,RPL14,16.787453,0.5490657,3.015135180825002e-63,7.812235489324163e-61
10,RPS13,16.58236,0.50042754,9.34867886379674e-62,2.3436045208814087e-59
10,TNIK,16.545187,1.5993334,1.7342330732652916e-61,4.264445988947761e-59
10,CASS4,16.449575,2.2129424,8.445775254661878e-61,2.063655692920737e-58
10,SRGN,16.26744,1.4652047,1.6803729087456931e-59,4.029346367393555e-57
10,ITGA6,16.24922,1.6952773,2.2622605260720347e-59,5.391162337625739e-57
10,ETS1,16.204111,1.1142491,4.716513709228056e-59,1.1170903574138548e-56
10,CERS6,16.193125,1.4451058,5.639046031635057e-59,1.3274451896177012e-56
10,ID2,16.132961,1.6058205,1.4966922162679958e-58,3.4599580659426494e-56
10,RPL31,15.924615,0.5098726,4.2763645377588164e-57,9.598449380506795e-55
10,CD3G,15.915887,1.6146656,4.916507708016562e-57,1.0971485351195803e-54
10,SCML4,15.688864,1.6692278,1.8025329786142962e-55,3.909471245639524e-53
11,TCL1A,24.670486,3.2700663,2.218638376160123e-134,8.56527531500377e-130
11,IGHD,24.48235,2.9368834,2.277592027755686e-132,4.396435891176801e-128
11,MS4A1,24.3304,2.707849,9.34906936276207e-131,1.2031005727293083e-126
11,FCER2,23.148792,2.5639732,1.4950203865960957e-118,1.3102612745830402e-114
11,IGHM,23.14333,3.1199322,1.696965853213283e-118,1.3102612745830402e-114
11,CD79B,22.993925,2.5173101,5.36165014279215e-117,3.4498644235438956e-113
11,COL19A1,22.726213,2.6967914,2.4671455343296e-114,1.1905827562291067e-110
11,MARCHF1,21.77176,2.5429356,4.2980604935116274e-105,1.659309234125099e-101
11,FCRL1,21.497734,2.344512,1.6347621095476712e-102,5.737420545563399e-99
11,ZNF318,21.444761,2.135569,5.110797828079439e-102,1.6442288412569568e-98
11,HVCN1,21.095028,2.3872411,8.83545420102876e-99,2.6238580375762793e-95
11,HLA-DMB,20.784046,1.9741454,6.035217473110434e-96,1.6642543269064388e-92
11,SP100,20.650229,1.340136,9.71603624927393e-95,2.500648636263129e-91
11,PAX5,20.47036,2.1804974,3.95684392847929e-93,9.547369793929466e-90
11,AFF3,20.450216,2.1978064,5.980860286484311e-93,1.3582181895294902e-89
11,BTLA,20.314005,2.2924511,9.669116816469733e-92,2.0738106878701695e-88
11,MEF2C,19.943462,2.2245123,1.7082076894342385e-88,3.1403364789665817e-85
11,CD22,19.803143,2.0086434,2.7968951733471435e-87,4.694649350532166e-84
11,NIBAN3,19.461409,2.1048834,2.3328678702292886e-84,3.6362050363275637e-81
11,PLEKHA2,19.460932,1.7596706,2.35468906149793e-84,3.6362050363275637e-81
11,FCHSD2,19.387085,1.6869156,9.920287744680596e-84,1.4730101102736117e-80
11,ZCCHC7,19.379955,1.5788938,1.1394571553827558e-83,1.6292549237298768e-80
11,CIITA,19.348408,2.3217592,2.102395095996142e-83,2.8987523241438234e-80
11,ENSG00000290680,19.212288,2.265728,2.921049392986749e-82,3.7590010955215476e-79
11,STRBP,19.094122,1.7047377,2.825651261672771e-81,3.51893847123029e-78
11,HLA-DPA1,18.96984,1.9495568,3.0283595490625844e-80,3.653526523472192e-77
11,CD72,18.64936,2.0645747,1.277964938020644e-77,1.4950640726431812e-74
11,STX7,18.563473,1.8333787,6.346574116811068e-77,7.206348245694356e-74
11,HLA-DMA,18.183687,1.6825815,6.949857386815867e-74,7.665891265011811e-71
11,STAP1,18.17625,1.9710938,7.959368890323661e-74,8.53553876055098e-71
11,GAB1,17.860376,2.448233,2.400192101876842e-71,2.4384688496067726e-68
11,RCSD1,17.720045,1.4840411,2.936722668944698e-70,2.765246716031195e-67
11,CAMK2D,17.706049,1.6592879,3.765947375143443e-70,3.4616229610663754e-67
11,SNX29,17.667643,1.5361665,7.444231949005064e-70,6.683535316820686e-67
11,BANK1,17.641485,2.2717807,1.1831204661825327e-69,1.0380806526691558e-66
11,TPD52,17.371967,1.5709102,1.3453127109303507e-67,1.1541587226261582e-64
11,KHDRBS2,17.16958,2.2093735,4.486483077803847e-66,3.6084409521186527e-63
11,VAV3,17.120958,1.6637082,1.0355689033038667e-65,8.159014914479404e-63
11,BLK,17.100964,1.6926486,1.4596861603674587e-65,1.1049538021009043e-62
11,ABCB4,17.030561,2.2972825,4.873466868727179e-65,3.618174267963105e-62
11,ITGA4,16.97291,1.5803852,1.3031167198385344e-64,9.316319275201198e-62
11,CD74,16.937347,2.1955616,2.386428767544308e-64,1.6750994363602827e-61
11,BLNK,16.769934,1.7894619,4.04964188324773e-63,2.695525423183825e-60
11,SWAP70,16.686216,1.6498697,1.6510870248738725e-62,1.062364428038012e-59
11,PIK3AP1,16.681547,1.704737,1.7853280899312437e-62,1.1299078072112392e-59
11,RNASE6,16.381279,2.1426375,2.6021473701731084e-60,1.5220985056500458e-57
11,RALGPS2,16.377863,1.6224428,2.752415189154891e-60,1.5859662804852796e-57
11,MDM4,16.327557,1.1970283,6.285121467675821e-60,3.552337504475006e-57
11,LINC00926,16.326939,1.707844,6.349046464507471e-60,3.552337504475006e-57
11,MICAL3,16.323076,1.5443151,6.764033359301923e-60,3.67791932210155e-57
11,BTK,16.278925,1.79653,1.392947179838999e-59,7.468905392342277e-57
11,HDAC9,16.195488,1.90653,5.426486449196986e-59,2.83101264672566e-56
11,SEC62,16.186937,1.1780313,6.235583843230182e-59,3.209745998023259e-56
11,CD19,16.178003,1.7946666,7.209568399361015e-59,3.568366636227325e-56
11,ADAM19,16.163126,1.9631401,9.178594996909607e-59,4.485428334818889e-56
11,GAPT,16.011618,2.2858999,1.060187363897897e-57,5.053036218597804e-55
11,ADAM28,15.956941,1.8243265,2.549243833613644e-57,1.2001964322010773e-54
11,LINC02397,15.935609,2.1006844,3.586878252847518e-57,1.6683737569811e-54
11,CTSS,15.896408,1.306476,6.710374715566141e-57,3.0840562651088865e-54
11,FCRL5,15.882187,1.9877175,8.419114233410725e-57,3.8238626364124047e-54
11,CD79A,15.837185,1.660256,1.72366432018982e-56,7.737649388982348e-54
11,GSAP,15.748453,1.6600684,7.0381732940562725e-56,3.019063535448183e-53
11,ST6GAL1,15.735262,1.5694175,8.669787811557437e-56,3.6381068288368086e-53
11,PHACTR1,15.720666,1.7772579,1.091696914569262e-55,4.531833449877519e-53
11,PALM2AKAP2,15.673269,1.7296066,2.3041681494166858e-55,9.463267614508572e-53
11,IFI16,15.521488,1.248955,2.482275610738439e-54,9.679871942239209e-52
11,ENSG00000289963,15.436078,2.0104005,9.362337216721264e-54,3.509149423191661e-51
11,CYBB,15.407916,1.5881852,1.4480601927418951e-53,5.324172552475582e-51
11,IRF8,15.365964,1.5373077,2.768875151699536e-53,1.0084452274199273e-50
11,CR2,15.322422,2.0635107,5.416118252715701e-53,1.9360616783735402e-50
11,SETX,15.250438,1.1341391,1.6353381299168476e-52,5.739442167597256e-50
11,TRAF5,15.173074,1.4008731,5.332055084650215e-52,1.8544983657478035e-49
11,HLA-DPB1,15.10513,1.7007513,1.4980930810073383e-51,5.163873346907974e-49
11,PARP14,15.048705,1.3270581,3.5205849147450127e-51,1.1818756627708345e-48
11,CD37,14.94128,1.0963119,1.775312949742872e-50,5.808282350658756e-48
11,MACROD2,14.890066,2.2230873,3.823920957888017e-50,1.23021910416854e-47
11,SYK,14.881103,1.6655325,4.372313453897022e-50,1.3950209355466812e-47
11,MGAT5,14.879821,1.2427092,4.456888359418107e-50,1.4103494426532411e-47
11,HLA-DRB1,14.861044,1.992437,5.899865633853616e-50,1.8517903468337617e-47
11,UBE2E2,14.691879,1.5715718,7.266993019597838e-49,2.2090514371227885e-46
11,SP140L,14.673542,1.2617351,9.524105804625786e-49,2.8725595991670553e-46
11,PLPP5,14.658648,1.7797983,1.1861269933409688e-48,3.549737884102437e-46
11,IRF2,14.657843,1.4282949,1.2002644730611924e-48,3.564416172846184e-46
11,HLA-DOB,14.608855,1.810484,2.4662825316756003e-48,7.268191100600627e-46
11,HLA-DQB1,14.498708,1.662091,1.2345234901060587e-47,3.583459688649211e-45
11,HHEX,14.464971,2.1087666,2.0169238492726167e-47,5.81084791977751e-45
11,CD52,14.381141,0.9004898,6.796464963038284e-47,1.8876570241946475e-44
11,CD180,14.289125,2.7358217,2.5580113022091208e-46,7.053898880934666e-44
11,PLEKHF2,14.255033,1.5396079,4.171075187002169e-46,1.1420463026198987e-43
11,ARHGAP24,14.249559,1.6509664,4.5111858848221425e-46,1.2264707202073496e-43
11,ACTB,14.236676,0.7305151,5.424639783122141e-46,1.4645010032672265e-43
11,PLCG2,14.19027,0.8555821,1.0525138636153493e-45,2.8023000150851155e-43
11,FCMR,14.144632,1.0208745,2.0156635831832464e-45,5.2936536253314566e-43
11,HLA-DRA,14.118221,2.2348182,2.9330277931804634e-45,7.650842634021957e-43
11,BCL11A,14.091304,1.4684671,4.295563393876399e-45,1.105563469226615e-42
11,CDCA7L,14.017608,1.7002819,1.2164725470203536e-44,3.0896802072544584e-42
11,SP110,13.955596,1.1066661,2.908591126863057e-44,7.339154839455895e-42
11,TNFRSF13C,13.945614,1.3391293,3.345589534649534e-44,8.387001920433761e-42
11,IL4R,13.94377,1.5662417,3.433140601260606e-44,8.550956519501094e-42
11,POU2F2,13.925554,1.4275397,4.4309020197173383e-44,1.0895503399567361e-41
12,S100B,23.19389,8.662412,5.248059107745886e-119,2.026065699136377e-114
12,CRYAB,22.86838,8.140154,9.592775225787818e-116,9.258467009169112e-112
12,SERPINE2,22.848463,8.39878,1.513754186523607e-115,1.1687998824986076e-111
12,APOD,22.72483,8.577547,2.5461339618227883e-114,1.638267462168843e-110
12,SPARC,22.658398,8.103379,1.1529898925319694e-113,6.358903970155602e-110
12,S100A6,22.562574,4.956406,1.0106457485225283e-112,3.901698976746073e-109
12,CD63,22.424715,7.4867415,2.2593397102307495e-111,5.814937923544554e-108
12,FXYD3,22.30274,8.721322,3.47553168943645e-110,7.892728023669624e-107
12,MT2A,22.239368,7.5605283,1.4295353032532872e-109,2.904665258810337e-106
12,S100A1,22.223484,9.375104,2.0364033786255581e-109,3.930869441760915e-106
12,GPNMB,22.200253,8.580932,3.4152296622441967e-109,6.278493159076164e-106
12,GAPDH,22.079594,3.4343474,4.965415283511625e-108,7.987284268135408e-105
12,S100A13,22.076874,8.631059,5.273267892061203e-108,8.143191209636592e-105
12,BAALC,21.929163,5.737408,1.369241697457129e-106,1.8878908918582116e-103
12,VIM,21.869066,3.7194846,5.119430244280572e-106,6.588024133689859e-103
12,GSN,21.860695,6.2066565,6.150152713384675e-106,7.659122440417058e-103
12,SORT1,21.80252,7.7042804,2.1958637189502547e-105,2.649172335431048e-102
12,A2M,21.796867,7.654654,2.484489188623542e-105,2.9065512004848624e-102
12,CSRP1,21.683264,6.4760003,2.9518556053524586e-104,3.079982094601e-101
12,MIA,21.632235,8.217612,8.934727808542585e-104,9.077213204647238e-101
12,NUPR1,21.607512,8.804468,1.526575813495116e-103,1.5111534834818577e-100
12,MFGE8,21.450365,6.681089,4.530738267649811e-102,4.164611465735443e-99
12,CTHRC1,21.437656,7.852182,5.953758798527695e-102,5.3453677250223305e-99
12,CAPN3,21.404991,6.7702985,1.200458032871963e-101,1.0298862848234446e-98
12,CST3,21.386755,6.717322,1.774879350646033e-101,1.489586787196538e-98
12,CALD1,21.360613,7.2918286,3.1070233229943425e-101,2.5091215482155475e-98
12,LGALS3,21.360424,6.2105966,3.1196662258287903e-101,2.5091215482155475e-98
12,RAB13,21.354631,7.2391157,3.5314231221481927e-101,2.7823290010949614e-98
12,SFRP1,21.349573,9.481282,3.935148413092335e-101,3.0384067927168533e-98
12,ABHD2,21.344843,5.6478662,4.3541832866785454e-101,3.296031371872783e-98
12,IFITM3,21.299606,6.2789383,1.1447748945677444e-100,8.18429251475599e-98
12,MLANA,21.278841,8.291387,1.7829366003702166e-100,1.229143757033796e-97
12,HSPB1,21.27434,4.030878,1.9625859496275853e-100,1.3292560205495185e-97
12,CTSB,21.261263,5.0654917,2.59343483020833e-100,1.7262438802590135e-97
12,SYNM,21.258873,6.7350326,2.728933031016208e-100,1.7856472643290125e-97
12,PRAME,21.25183,8.963096,3.170741634336337e-100,2.0401608589198103e-97
12,TIMP1,21.237513,6.341053,4.30067397972517e-100,2.721833109201146e-97
12,LAMA4,21.199535,8.276416,9.644416126169418e-100,5.910036967728517e-97
12,SERF2,21.192959,2.7756484,1.1090383296238646e-99,6.689927148977956e-97
12,DLC1,21.172712,8.283099,1.7046074255303148e-99,1.0124319118465129e-96
12,SEMA5A,21.169031,7.0752397,1.8430457625157554e-99,1.078070071328534e-96
12,AKAP12,21.164454,8.5063,2.0310175181681074e-99,1.170290482185044e-96
12,SNCA,21.158384,7.801302,2.3100729671957763e-99,1.3115099554641198e-96
12,CTSD,21.14312,5.051607,3.1926447244778994e-99,1.7863078584520837e-96
12,PTMS,21.129677,6.3768706,4.244501397971515e-99,2.2758780690290043e-96
12,PLP1,21.112831,9.175074,6.063025151127476e-99,3.206426698416813e-96
12,ETV5,21.08334,6.5082526,1.1311475355134742e-98,5.901227264328808e-96
12,CAV1,21.07713,7.1637554,1.2897161926949944e-98,6.638771111357727e-96
12,MTUS1,21.066545,6.2786236,1.6127975394447927e-98,8.19258707997443e-96
12,PLS3,21.057615,8.143756,1.947299666403993e-98,9.763305314440592e-96
12,SRP14,21.056099,2.7084177,2.010675727812093e-98,9.951813736912007e-96
12,CD59,21.0552,6.164652,2.0491379782863933e-98,1.0013800099965125e-95
12,GOLM1,21.053253,6.891955,2.1351047238812193e-98,1.0303481621269795e-95
12,CDK2AP1,21.040316,5.642437,2.8050398288609607e-98,1.3369304646050154e-95
12,RCAN1,21.024445,6.114815,3.919568144479335e-98,1.8453518022654778e-95
12,CTSL,21.015896,6.1618257,4.693077520562238e-98,2.1730635465189356e-95
12,CHCHD6,21.015541,5.992508,4.728211622742335e-98,2.1730635465189356e-95
12,CDH19,20.99504,10.014978,7.279969589741663e-98,3.306476540959608e-95
12,DSTN,20.98916,3.8205006,8.238779489074766e-98,3.6764168250972815e-95
12,HPN-AS1,20.988895,9.296124,8.284936636363868e-98,3.6764168250972815e-95
12,ZNF106,20.984924,3.9497888,9.006679104029057e-98,3.95127106238802e-95
12,BACE2,20.973959,4.650038,1.1342039999746817e-97,4.919896586856468e-95
12,FMN1,20.965776,4.958695,1.3470284403859978e-97,5.778153329949093e-95
12,LY6E,20.958555,4.473674,1.567708442390153e-97,6.650873860100467e-95
12,TIMP2,20.95575,4.4323974,1.662938178611857e-97,6.903160357364446e-95
12,MDK,20.94204,8.281457,2.2175918656967235e-97,9.107696975222097e-95
12,TCEAL9,20.923298,6.663815,3.2858839654280614e-97,1.3353140670454286e-94
12,SASH1,20.894842,7.76874,5.96524615149602e-97,2.3661793648455476e-94
12,SPRY4,20.894514,7.3803635,6.00646474006278e-97,2.3661793648455476e-94
12,GNG12,20.88532,7.6527033,7.281497392543576e-97,2.8394897811771445e-94
12,GNG11,20.866932,6.5113583,1.0698289545886377e-96,4.0892887743414795e-94
12,EID1,20.855904,4.1608224,1.3472689120553967e-96,5.09928074694222e-94
12,OLIG1,20.852793,9.038877,1.4377892980867277e-96,5.389057635139437e-94
12,SOX10,20.84895,8.523906,1.5580767553539333e-96,5.783760693960956e-94
12,PHLDA3,20.839388,8.161831,1.902549474330612e-96,6.995221429143582e-94
12,LRP2,20.837769,8.96928,1.967974105932553e-96,7.167510220153976e-94
12,TUSC3,20.832685,8.413004,2.1884020624810876e-96,7.89583645085466e-94
12,PLAT,20.821114,7.6438146,2.7863269242690554e-96,9.960086781326958e-94
12,ANXA2,20.810946,4.304907,3.4447916792475265e-96,1.2200883263213763e-93
12,IGFBP2,20.786171,8.396081,5.773757219518436e-96,2.0263788292429887e-93
12,CHL1,20.775967,5.111516,7.1413213642129546e-96,2.4837644377189673e-93
12,PMP22,20.765255,7.6587152,8.925366464606776e-96,3.0765419440411537e-93
12,PPIA,20.764343,1.9583713,9.096123987905275e-96,3.1076545369652304e-93
12,ST3GAL6,20.763863,7.438569,9.18755609977406e-96,3.1113578139287487e-93
12,GAS2L3,20.76012,7.5536413,9.931873710907325e-96,3.3341731868112017e-93
12,CTXND1,20.756073,9.614981,1.0804349198143425e-95,3.5609897465203796e-93
12,S100A11,20.755718,4.4289794,1.0884235354333647e-95,3.5609897465203796e-93
12,MAGI2-AS3,20.749472,7.3950734,1.2394642147294187e-95,4.021071888558314e-93
12,PTPRZ1,20.744818,9.414646,1.3654142931973617e-95,4.382889004795684e-93
12,LAMP2,20.744526,3.7817976,1.3736972739477744e-95,4.382889004795684e-93
12,MAP1B,20.742212,7.7133474,1.4414124331619435e-95,4.561243311036885e-93
12,MT1E,20.739784,7.605861,1.5160402403912422e-95,4.75839426996295e-93
12,TYR,20.725266,9.139517,2.0499133305725044e-95,6.3821737129098475e-93
12,NDUFA4,20.71386,3.247942,2.597882254662384e-95,8.02350738587968e-93
12,DAAM2,20.709496,8.392684,2.8441726895079025e-95,8.714454829455721e-93
12,SRGAP1,20.707712,6.2027316,2.951414750282603e-95,8.971836051134659e-93
12,EDNRB,20.706575,8.226006,3.0219668973077746e-95,9.11453547167687e-93
12,PDLIM4,20.700657,8.5903635,3.4168809133609364e-95,1.0225744538078473e-92
12,PON2,20.695572,5.5601873,3.7969557618636784e-95,1.1189715583397647e-92
12,C1orf21,20.694092,6.5318046,3.91529907049441e-95,1.1451063326932362e-92
13,HIVEP2,21.043148,2.8174915,2.6423778337456135e-98,1.0201163864958315e-93
13,ARIH1,20.652864,2.1763978,9.200036885950252e-95,1.7758831200949771e-90
13,ZSWIM6,20.58279,2.5998025,3.9148848754329274e-94,5.03793485003212e-90
13,PRKCA,19.950941,3.3791437,1.470907910209409e-88,7.098233847693055e-85
13,INTS6,19.550203,2.919885,4.108875914026198e-85,1.1330518824063958e-81
13,CHD2,18.37716,1.8330097,2.0018285827875905e-75,2.1467387296416033e-72
13,TLE4,18.153675,2.5030391,1.2009239659310651e-73,1.2200755428614394e-70
13,PBX4,17.703259,2.8592792,3.957324730811056e-70,3.3212277947324265e-67
13,ESYT2,16.866364,1.9377698,7.954420780431114e-64,5.034235551628255e-61
13,RCOR1,16.804413,2.1860816,2.265429556096591e-63,1.3882408482962696e-60
13,SKI,16.754507,2.747323,5.24945775298889e-63,3.1665713439357666e-60
13,BRAF,16.39131,1.9338332,2.2064120530984196e-60,1.2713543839092177e-57
13,HECA,16.373333,1.8378524,2.965234814826427e-60,1.6590703661041888e-57
13,GLS,16.30632,1.6251327,8.899473852319711e-60,4.706480651269244e-57
13,FYN,16.298452,2.5621347,1.0122139879113708e-59,5.280747732068429e-57
13,TRAF1,16.28045,3.231411,1.3586399738572303e-59,6.993553977430964e-57
13,PPP1R15B,16.234592,1.8967096,2.8714507684411297e-59,1.4396782904732242e-56
13,LINC01619,16.150757,2.4593527,1.121752415726277e-58,5.217635392955259e-56
13,TNFAIP3,16.041782,2.3946974,6.525360205693987e-58,2.8627051829661597e-55
13,SIK3,15.870128,1.6894083,1.0203386040011626e-56,4.2356120587170844e-54
13,ANK3,15.755976,2.8387039,6.248701917342784e-56,2.5663551725631435e-53
13,SERINC5,15.7444315,2.3681784,7.500198397306513e-56,3.0161735346501588e-53
13,PITPNC1,15.736641,2.555077,8.482829944271895e-56,3.376166317820214e-53
13,NFKB1,15.613136,1.8495945,5.925090282642362e-55,2.242588582859716e-52
13,BCL11B,15.555735,2.6719773,1.4547680396684655e-54,5.400266821100075e-52
13,PDE3B,15.319527,2.620412,5.6628388834098385e-53,1.8685432301958992e-50
13,PPP2R5C,15.076989,1.6218225,2.2949813901233488e-51,7.145165447346936e-49
13,FOXP1,15.072876,1.4410899,2.442441242739256e-51,7.543430929375337e-49
13,TSC22D2,14.965094,1.7877752,1.2414979970098285e-50,3.6587230284398046e-48
13,INPP4B,14.953779,2.6521437,1.4715521928695254e-50,4.271484508114353e-48
13,SLC16A10,14.891765,3.3145316,3.728000512867012e-50,1.0429216507227816e-47
13,SYTL3,14.888151,2.6176414,3.9350121447279387e-50,1.0851077061383344e-47
13,HNRNPC,14.844984,1.0604426,7.497258076665907e-50,2.0527598957997447e-47
13,PPP1R13B,14.763699,2.2816782,2.5112370968601068e-49,6.686125473198708e-47
13,CDC14A,14.748822,2.3286374,3.130795844439839e-49,8.278596189756468e-47
13,KDM6B,14.600871,1.4037513,2.7728138929421296e-48,7.136483543394924e-46
13,PRKCH,14.574053,2.3808858,4.10779032276216e-48,1.0433246921089206e-45
13,KDM6A,14.541008,1.6554341,6.660430839122877e-48,1.6696921621764793e-45
13,CAMK4,14.489743,2.5461676,1.4066719062624545e-47,3.481152282895405e-45
13,ARHGAP26,14.410815,2.0892649,4.42456076004907e-47,1.0609602031208347e-44
13,MAML2,14.3491335,1.9633111,1.0787660137343978e-46,2.539441507696961e-44
13,MED13,14.310797,1.6321238,1.8735379960297982e-46,4.3311262200434966e-44
13,POLR2A,14.249589,1.6869189,4.509255650785788e-46,1.0240254332602125e-43
13,IQCN,14.189355,3.6179693,1.066345194087607e-45,2.339052418349213e-43
13,ELL2,14.167292,1.4651444,1.4602514938530188e-45,3.167105009645486e-43
13,ARID4B,14.151493,1.3690641,1.8283425675995624e-45,3.943295707527861e-43
13,MBNL1,14.094488,1.1713971,4.1061619753306475e-45,8.710026880198626e-43
13,RYBP,14.073115,1.5869071,5.5566294284194836e-45,1.165865411486753e-42
13,HNRNPH1,14.045824,1.1555905,8.171239652469728e-45,1.7051831244499803e-42
13,TGFB1,14.012497,1.9165844,1.3072585096076025e-44,2.7133345173070485e-42
13,HBP1,14.011728,1.456364,1.3214885128613213e-44,2.728202434626961e-42
13,EZH2,13.965602,2.1237907,2.5276147791735136e-44,5.1904838385517376e-42
13,RALGAPA1,13.956902,1.5813706,2.855812360945359e-44,5.77232942443228e-42
13,RORA,13.952084,2.417006,3.0554490192497117e-44,6.143680460268457e-42
13,LINC01004,13.91927,2.1361115,4.838208322309044e-44,9.628034561394998e-42
13,RHOH,13.86074,1.3909423,1.0953895793289766e-43,2.1466299542931205e-41
13,PCSK5,13.832001,3.1790335,1.6341182965421243e-43,3.1862005533487503e-41
13,DYRK1A,13.816459,1.5808407,2.028050184241963e-43,3.934417357429408e-41
13,ELOVL5,13.779173,1.6483086,3.401487279155751e-43,6.500882074212223e-41
13,SMARCA2,13.688674,1.410989,1.186544567209006e-42,2.2061816518025417e-40
13,ZC3H12D,13.688546,2.7881627,1.1886385110473208e-42,2.2061816518025417e-40
13,ZNF331,13.684741,1.6658387,1.2525327636655192e-42,2.3136497547402407e-40
13,MPP7,13.637178,2.2704136,2.406934493568993e-42,4.403891614157562e-40
13,NABP1,13.632361,1.8954465,2.5712487756549056e-42,4.682341048723268e-40
13,APLP2,13.564978,1.7276174,6.459953038033811e-42,1.1599671952852712e-39
13,HIVEP1,13.500349,1.9246683,1.55637882715552e-41,2.7562183945488994e-39
13,STAT3,13.4483795,1.4977275,3.146951386204993e-41,5.522327509810453e-39
13,CD6,13.409543,2.351629,5.316552649955414e-41,9.204073166106669e-39
13,CD247,13.355087,2.3328087,1.106279668473335e-40,1.865023269916226e-38
13,STAT4,13.340288,2.349301,1.3493623022356926e-40,2.2454086655220322e-38
13,CNOT6L,13.312702,1.7834604,1.9528885372012677e-40,3.2357602947292764e-38
13,DENND4A,13.281848,1.3170102,2.950205387991034e-40,4.846622519522632e-38
13,INTS6L,13.263654,2.1102211,3.761136420376646e-40,6.152645451061899e-38
13,GPBP1,13.246266,1.0126559,4.742126713076114e-40,7.724664298945842e-38
13,ADD3,13.136933,1.783471,2.0225893423324187e-39,3.213336796299809e-37
13,TNIK,13.128541,2.3623683,2.259688903591889e-39,3.5753094185273964e-37
13,PLCL1,13.116061,2.8932328,2.6642752156505733e-39,4.164251375522512e-37
13,FBXW7,13.088705,1.5809823,3.820655689612892e-39,5.900009342127813e-37
13,WNK1,13.058786,1.4505066,5.662297152288348e-39,8.674549359573173e-37
13,ARID2,13.026793,1.8962327,8.6153604602152e-39,1.3094669524687718e-36
13,ERO1B,13.018118,1.5417686,9.652020350474852e-39,1.4612780300016947e-36
13,IRS2,12.987342,2.04389,1.4435493461430917e-38,2.160064575860473e-36
13,TNRC6B,12.942329,1.1405452,2.5963615195391597e-38,3.870082348391073e-36
13,GATAD2A,12.938537,2.088685,2.7277559396842706e-38,4.050297915671191e-36
13,SLC12A2,12.734093,1.8331735,3.822657246828356e-37,5.405769438500202e-35
13,CHD4,12.699382,1.5502075,5.959854445013712e-37,8.336454373340557e-35
13,TAF4B,12.663492,1.9560992,9.42126198307003e-37,1.303646021929755e-34
13,JMY,12.623132,1.8114674,1.5743364573692623e-36,2.15527777564531e-34
13,OSBPL8,12.576467,1.313757,2.84471124401145e-36,3.853435869694949e-34
13,ZBTB10,12.572315,1.4862244,2.9981312381673166e-36,4.047057852471588e-34
13,NSUN6,12.51367,2.8303545,6.285168146554467e-36,8.338323074428927e-34
13,USP3,12.492849,1.5312619,8.167552447080531e-36,1.0761656306211295e-33
13,ANKHD1,12.446312,1.1484336,1.464574304255461e-35,1.891015237126633e-33
13,CEP85L,12.424299,1.5836668,1.9290889787505743e-35,2.4824803037881558e-33
13,IFRD1,12.421557,1.2256573,1.9963674896576438e-35,2.5605236978645514e-33
13,ADAMTS17,12.404094,3.1047215,2.4830749940100624e-35,3.174224941018294e-33
13,ABTB2,12.393215,2.4228106,2.844079887312725e-35,3.6117943463682584e-33
13,YME1L1,12.374713,1.4398967,3.581718258400422e-35,4.504098211198915e-33
13,PER1,12.373919,1.4406018,3.617330301622908e-35,4.5341121306640904e-33
13,ABCC1,12.366526,1.974942,3.9660899499250547e-35,4.952597904212268e-33
14,GZMK,16.04394,6.093325,6.3027054211332686e-58,8.1107415162757e-54
14,DUSP2,15.818199,2.3535779,2.3306420802304605e-56,2.2494192037344288e-52
14,CCL5,15.780719,5.627839,4.2235011656897625e-56,3.2610497200523797e-52
14,CST7,15.460814,5.1879883,6.378648757278572e-54,3.517915913192808e-50
14,SLC7A5,15.270686,2.6725333,1.1990462115106315e-52,5.1433753379532706e-49
14,NKG7,15.263348,6.532182,1.3418315123675755e-52,5.180274736646262e-49
14,CTSW,14.504675,4.46169,1.1317236432697952e-47,3.120808783719551e-44
14,FYN,14.408475,2.2863803,4.577036395867826e-47,1.051361654930423e-43
14,AOAH,14.407686,3.4763944,4.629629625917523e-47,1.051361654930423e-43
14,KLRK1,13.927753,3.4488971,4.296563288115014e-44,7.211874882650792e-41
14,CRTAM,13.719792,5.212067,7.728682650481311e-43,1.1934940896179259e-39
14,ID2,13.622568,2.5032897,2.940445146856767e-42,4.0542437621268695e-39
14,PARP8,13.467829,1.6221652,2.4187498328783703e-41,3.1126085349367454e-38
14,RUNX3,13.448361,1.7400564,3.1476952393971734e-41,3.9199974971666866e-38
14,PIP4K2A,13.431345,1.3537956,3.961488431723593e-41,4.779288199847532e-38
14,SRGN,13.255727,1.8964449,4.180465753719457e-40,4.138232330463932e-37
14,MCL1,13.178385,1.4827384,1.1686578663482118e-39,1.1279301397059766e-36
14,CMC1,13.158558,3.3550184,1.5195828670837483e-39,1.3967860992055998e-36
14,IQGAP2,13.100199,2.0281937,3.283973881859257e-39,2.948397574024616e-36
14,ADGRE5,13.071829,1.831784,4.770469291767864e-39,4.092638610622004e-36
14,DIP2A,12.864878,2.180797,7.095416225015e-38,5.590319158835288e-35
14,FOSL2,12.801727,2.3923326,1.603438854519409e-37,1.2137717728936531e-34
14,ARHGAP26,12.735407,1.7989924,3.758813968183969e-37,2.7906302318405826e-34
14,SYTL3,12.714818,2.1673708,4.892449088551183e-37,3.497738694677907e-34
14,IRF1,12.700904,1.339331,5.845097878393671e-37,4.102833612604838e-34
14,NIBAN1,12.520356,3.2907174,5.7775394335549956e-36,3.8456497822728304e-33
14,PIK3R1,12.252525,1.8017887,1.6284439552731705e-34,9.979001164646986e-32
14,PRKCH,12.224529,1.9719049,2.2990864515167465e-34,1.3868520554258674e-31
14,PLCB1,12.190746,4.3366885,3.482181713698305e-34,2.006464287149802e-31
14,SAMD3,11.991895,3.643741,3.9183810090937485e-33,2.07223311283662e-30
14,MIR23AHG,11.895335,1.9967309,1.2514963067795616e-32,6.2747099246145136e-30
14,HLA-B,11.785733,0.6827002,4.623806458330533e-32,2.231333401628857e-29
14,EPHA4,11.753002,2.6790328,6.815404627739714e-32,3.20872574461609e-29
14,CBLB,11.740859,1.7334309,7.868311406143888e-32,3.659807592115554e-29
14,TIPARP,11.700679,1.4779977,1.2643778078996315e-31,5.811020196639663e-29
14,NFATC2,11.630149,1.9769654,2.8959113622370546e-31,1.2285665280277332e-28
14,ZFP36,11.529976,1.2373137,9.316992274633468e-31,3.8265085505797835e-28
14,TNFAIP3,11.507712,1.8661733,1.206366592529168e-30,4.902419860124322e-28
14,PHACTR2,11.477057,2.3280616,1.720358031561815e-30,6.847024965616024e-28
14,HLA-C,11.464624,0.80168253,1.98619763255541e-30,7.824402632901445e-28
14,FAM177A1,11.462256,1.5413595,2.04125847357e-30,7.960083296024588e-28
14,HLA-A,11.458407,0.75992256,2.1340238897877403e-30,8.23861262891455e-28
14,MAFF,11.444201,2.2647257,2.514074807958372e-30,9.609739805548604e-28
14,IL32,11.376538,2.498055,5.4729380961610014e-30,2.0316177705806884e-27
14,LMNA,11.257382,2.2477334,2.1299156439475296e-29,7.684815266377413e-27
14,B2M,11.232543,0.54068404,2.8223577791417754e-29,1.0088883742735869e-26
14,SLFN12L,11.228874,2.5297966,2.942033310480937e-29,1.0325467089493369e-26
14,LDHA,11.225344,1.4002527,3.0619425708768573e-29,1.0649491431646122e-26
14,PPP1R16B,11.09579,1.6838791,1.31493599624023e-28,4.302069412783925e-26
14,ERN1,11.080698,2.1375196,1.5565456138201793e-28,5.0076666639284864e-26
14,STAT4,11.075879,1.9798998,1.642592106928101e-28,5.240819080997212e-26
14,IL7R,11.021383,2.6802917,3.0139223908145867e-28,9.308439025583034e-26
14,APMAP,10.916461,2.5425317,9.617083445356669e-28,2.8781172363677483e-25
14,CCSER2,10.897174,1.5003475,1.1889322255360518e-27,3.5307628845419094e-25
14,ITGA5,10.859721,3.1447775,1.7929598716979304e-27,5.283893802043535e-25
14,CCND2,10.733449,1.639364,7.089977269025796e-27,1.9979245434161304e-24
14,ARAP2,10.531675,1.4622633,6.172568238568173e-26,1.643435651159744e-23
14,CDK17,10.467321,1.2930642,1.2204799904908616e-25,3.2052959532578367e-23
14,TGFB1,10.437775,1.3193722,1.6667225446182844e-25,4.3476682809144246e-23
14,LYST,10.386379,1.4131635,2.8600464919050397e-25,7.360996991099064e-23
14,CD96,10.279061,1.8026935,8.757603394842954e-25,2.195428809489007e-22
14,RALGDS,10.1879015,2.3666382,2.2455833224438805e-24,5.384657748215432e-22
14,DNAJB1,10.158189,1.5524576,3.046830137850071e-24,7.216314374346003e-22
14,GZMA,10.089625,4.9244137,6.140344582613839e-24,1.4194858859664064e-21
14,OPTN,10.0431595,1.7347974,9.846886860912042e-24,2.249401858889765e-21
14,CASP8,10.037053,1.4514377,1.0475678712793213e-23,2.3789650140358518e-21
14,CD2,9.841234,1.6917878,7.478773135984228e-23,1.6220534589202648e-20
14,RNF213,9.829853,1.0219705,8.374093038077123e-23,1.7960568657111412e-20
14,AKNA,9.825824,1.6830882,8.715838513924989e-23,1.8590257550750724e-20
14,ANXA1,9.739386,2.3999686,2.047891046241872e-22,4.273561174660201e-20
14,KLRD1,9.654816,4.8371663,4.689999269297589e-22,9.479691716780248e-20
14,IL18R1,9.617031,2.8455057,6.775851335057924e-22,1.3624401908398242e-19
14,NCALD,9.561427,3.5428438,1.1614393224295784e-21,2.323239714078565e-19
14,HSPA1A,9.552593,1.8413347,1.2648926826982982e-21,2.5042280465769485e-19
14,WHRN,9.5222435,2.0591583,1.6947932935102483e-21,3.304504539861447e-19
14,BRD1,9.51179,1.4070264,1.874087870783229e-21,3.6357304693194645e-19
14,CD8A,9.510572,3.6579385,1.896170045476811e-21,3.6601770387838886e-19
14,MYO1F,9.4775915,2.5874345,2.602194358796791e-21,4.948784010626056e-19
14,HSPA1B,9.469921,1.5373844,2.800550600553892e-21,5.299904729656057e-19
14,C1orf21,9.447284,4.368094,3.477380421001814e-21,6.548670660155904e-19
14,STK39,9.371174,1.571147,7.173026327023026e-21,1.3062351621747688e-18
14,SLFN5,9.358837,1.5734756,8.061887766730793e-21,1.4612076954103709e-18
14,RNF19A,9.328682,1.488098,1.071960326481851e-20,1.9248418774027133e-18
14,HCST,9.324555,1.5629007,1.1144973657091907e-20,1.9919576528041213e-18
14,IL2RB,9.317093,3.2994916,1.1957173265577867e-20,2.127274797653913e-18
14,RNF125,9.316373,1.7554276,1.2038559296337562e-20,2.1319294504330637e-18
14,MOB4,9.297113,1.3034966,1.4431025617422614e-20,2.543946004503276e-18
14,PTGDR,9.272966,6.1580157,1.8103916579277722e-20,3.1625330473284873e-18
14,CNOT6L,9.175368,1.2218221,4.5003256875887064e-20,7.826106914191424e-18
14,NOCT,9.167629,1.707459,4.835379296814283e-20,8.371060678601445e-18
14,TRGC2,9.138359,4.186462,6.340711167106689e-20,1.0831393598111541e-17
14,SIK3,9.078227,0.9586203,1.10357473932487e-19,1.860463160977115e-17
14,CLDND1,9.060006,1.3995956,1.3044285690848356e-19,2.189511710351703e-17
14,HSPA5,9.022415,0.856266,1.8398696593620003e-19,3.048498200400403e-17
14,SYNE1,9.01984,1.6714442,1.8836391719675006e-19,3.10768264414433e-17
14,BIN2,8.968251,1.4078674,3.0125926816857116e-19,4.907348230766185e-17
14,HSPA8,8.95424,0.8481197,3.4208574023855727e-19,5.548975667079723e-17
14,DNAJB6,8.947413,0.8758561,3.639089191266974e-19,5.853778221585532e-17
14,NEAT1,8.945268,1.1721143,3.7105020942519035e-19,5.94388563695805e-17
14,BZW1,8.942568,0.7924922,3.802313432560081e-19,6.065789767661756e-17
15,MS4A1,14.262737,2.435509,3.735098527703968e-46,7.20986068802697e-42
15,BANK1,13.530521,2.352361,1.0328806558770917e-41,7.975078120158201e-38
15,AIM2,13.269414,2.9481504,3.482956009833466e-40,1.920899995937583e-36
15,BLK,12.871105,1.952635,6.545866305666526e-38,2.8078857177395766e-34
15,SMIM14,12.631604,2.0983746,1.413662775245234e-36,5.457586510111751e-33
15,RHEX,12.519377,2.4921172,5.849291748595968e-36,1.8818146437191329e-32
15,SYK,12.50642,2.015745,6.885779978615518e-36,2.0448647834956207e-32
15,NAPSB,12.1804495,2.169684,3.951004197778802e-34,9.533279253715528e-31
15,CD79B,12.046249,1.9126331,2.0297735531870742e-33,3.731497037825723e-30
15,LY86,11.951591,1.9156368,6.369452316686541e-33,1.0245794839083358e-29
15,CYBB,11.850439,1.8346361,2.1406535741351068e-32,3.060817477150368e-29
15,PIK3AP1,11.363978,1.7017977,6.31997503119194e-30,6.971113030119888e-27
15,TRAF5,11.255045,1.5776439,2.1871408817872674e-29,2.3454655800633124e-26
15,CCDC50,11.196589,1.8072333,4.23733435777368e-29,4.304908689900281e-26
15,CTSH,11.042409,1.9294095,2.3854948531029757e-28,2.1927241499736544e-25
15,BLNK,11.032216,1.8621885,2.6719959227591955e-28,2.396547713487216e-25
15,TLR10,10.982846,2.6640575,4.621306959790295e-28,3.964670588659203e-25
15,PARP15,10.975681,1.6676778,5.00274083877489e-28,4.198604626559639e-25
15,MARCHF1,10.832423,1.9095662,2.416726814753322e-27,1.8294148119679754e-24
15,SP110,10.701757,1.2588325,9.986597397232908e-27,6.763904896799539e-24
15,CD24,10.678945,1.7695364,1.2771556996899242e-26,8.356927617326986e-24
15,ARHGAP24,10.649191,1.821204,1.7588722207103316e-26,1.0952100153668237e-23
15,TNFRSF13B,10.644073,2.536207,1.8582462499009255e-26,1.1387215035503988e-23
15,CR2,10.525128,2.2394645,6.617091651237766e-26,3.7567564748189e-23
15,OSBPL10,10.49947,1.8693533,8.686698363580427e-26,4.7233616482307884e-23
15,RALGPS2,10.45997,1.5608587,1.3189614135646611e-25,6.975318401654425e-23
15,WDFY4,10.214048,1.5405624,1.715546455245458e-24,8.3835932216716635e-22
15,CD1C,10.164356,2.9207065,2.860058661778319e-24,1.3631533913162194e-21
15,CR1,10.159365,2.0587468,3.0103269618392016e-24,1.4172766181556612e-21
15,BHLHE41,10.0272255,3.2772326,1.1572225191603378e-23,5.194852624965582e-21
15,CLIC1,10.022683,1.3121587,1.211682990091347e-23,5.376808450053626e-21
15,LINC01857,9.971027,2.1695466,2.0410571586476172e-23,8.95421053031249e-21
15,POU2F2,9.952856,1.4398044,2.4504797566509057e-23,1.062957544778257e-20
15,COL4A3,9.936619,2.587226,2.884514395346536e-23,1.2237314587554766e-20
15,PAX5,9.922766,1.5392106,3.314421202387207e-23,1.375876827304952e-20
15,ACTB,9.903108,0.88975877,4.0353673666155377e-23,1.6228061724537444e-20
15,BTK,9.874854,1.54083,5.351061712741583e-23,2.12972256167115e-20
15,RAC2,9.827055,1.0673918,8.609964318155687e-23,3.3239628246671847e-20
15,GRK3,9.697707,1.5485411,3.0835043549352784e-22,1.1557453313265182e-19
15,CD82,9.641285,1.6831746,5.351408895072012e-22,1.9675856362204772e-19
15,PARP1,9.583614,1.227651,9.370716276812148e-22,3.349684005394535e-19
15,CNR2,9.566312,1.8253483,1.1078763404483886e-21,3.8882430908500446e-19
15,EBF1,9.538437,1.628692,1.4500122733731261e-21,4.998140520164546e-19
15,XKR6,9.478733,1.741698,2.5738807288569108e-21,8.7164245103728e-19
15,USP6NL,9.473967,1.3795509,2.6941529848502887e-21,9.044388707228717e-19
15,LINC02422,9.45414,2.2435281,3.2568885602899294e-21,1.0839262048151122e-18
15,SP140,9.372044,1.1719851,7.114126222234263e-21,2.251212761767016e-18
15,POU2AF1,9.339206,1.5855094,9.705953048117341e-21,3.0218388981904684e-18
15,PTPN6,9.284185,1.5619078,1.629488785843955e-20,4.953389296558404e-18
15,P2RX5,9.2416725,1.5970252,2.426745099357009e-20,7.206686254290516e-18
15,ZDHHC21,9.215032,1.945652,3.111871979671652e-20,9.170757988336169e-18
15,IKZF3,9.160656,1.0827857,5.1582738245617845e-20,1.4861217856047183e-17
15,HLA-DPA1,9.148485,1.6291126,5.773731214602922e-20,1.6488928454794854e-17
15,LRRK2,9.07884,2.0779195,1.0973737984147962e-19,3.004625025645505e-17
15,BMP2K,9.06611,1.3787259,1.2334279805450118e-19,3.306786153952828e-17
15,CTSS,9.057107,1.0906416,1.3395564419994552e-19,3.566545931022825e-17
15,SCIMP,8.969655,2.2937672,2.9744344138590786e-19,7.811633672207047e-17
15,PFN1,8.954049,0.93026084,3.4267499318695733e-19,8.938723504713294e-17
15,SKAP2,8.902549,1.3651067,5.457875943525972e-19,1.3862286754984452e-16
15,CD19,8.8717575,1.584269,7.200047703012741e-19,1.7722626214010716e-16
15,CCSER1,8.871645,1.8113872,7.207305381546088e-19,1.7722626214010716e-16
15,TBC1D9,8.847991,1.9100989,8.910881954559531e-19,2.177300688213451e-16
15,VOPP1,8.827702,1.4193146,1.068483478767359e-18,2.5943316466221797e-16
15,PRKCB,8.800585,0.99447656,1.3610553057618051e-18,3.2636584555428727e-16
15,SMC6,8.741329,1.4703606,2.303828261270166e-18,5.423267917963173e-16
15,TSPAN3,8.687459,1.3469921,3.7063594992659645e-18,8.619741857148304e-16
15,MARCKS,8.68286,1.350774,3.85939301503058e-18,8.921899804686861e-16
15,TMSB4X,8.624278,0.7548351,6.4498129079902584e-18,1.4561489890401866e-15
15,DENND5B,8.582424,1.5877471,9.289441289414618e-18,2.026147855475371e-15
15,MEF2C,8.559555,1.5128132,1.1330393095612559e-17,2.4436936080961925e-15
15,CYBA,8.548604,0.8710032,1.2458585367464097e-17,2.6720897038684386e-15
15,ARHGAP25,8.527797,1.3669912,1.4916174907978315e-17,3.164032134601158e-15
15,SWAP70,8.502922,1.2443942,1.8487665288552017e-17,3.878993511575213e-15
15,CD53,8.50225,0.66099995,1.8595198054124652e-17,3.880466032851548e-15
15,PSMB9,8.482914,1.2051841,2.1962366427433978e-17,4.509995310093171e-15
15,COBLL1,8.446514,1.4142405,3.0013035015646885e-17,6.06640434457625e-15
15,HSH2D,8.400958,1.794309,4.428505198389532e-17,8.722799575970728e-15
15,MYC,8.398462,1.5219508,4.5236335359589785e-17,8.857102182238165e-15
15,ALOX5,8.370587,1.9412831,5.733165470273362e-17,1.101167095250614e-14
15,PTPN18,8.326813,1.7920939,8.30481482433844e-17,1.556386801497135e-14
15,MOB1A,8.3137865,0.878046,9.269585046225108e-17,1.7122564607395526e-14
15,FCHSD2,8.298223,1.0927607,1.0568047394273293e-16,1.9154461864005388e-14
15,FCRLA,8.28242,1.6674554,1.2069658767002612e-16,2.161042444589503e-14
15,FCRL3,8.27597,1.6867682,1.2741347569043337e-16,2.2563874506903076e-14
15,SMARCB1,8.270881,1.5021834,1.329729859424513e-16,2.3436108322824632e-14
15,OGA,8.253901,0.8607952,1.533066876487501e-16,2.6780805354604735e-14
15,TNS3,8.244731,2.094912,1.6553260186816612e-16,2.865718218709606e-14
15,DAPP1,8.202428,1.1713815,2.3558007293981945e-16,4.042135242628742e-14
15,ACP5,8.153507,2.2086978,3.5352001582702247e-16,5.882755918542254e-14
15,DNAJC10,8.129628,1.1154542,4.3060865705567016e-16,7.074075665655832e-14
15,PLCG2,8.128773,0.76051503,4.3365744612877623e-16,7.093974307308278e-14
15,LTB,8.126965,0.9497199,4.401751194085572e-16,7.170211248897366e-14
15,GAPT,8.122968,1.6739773,4.549188082529293e-16,7.379241811517894e-14
15,COTL1,8.0325575,0.9711208,9.546139345816099e-16,1.4920577149173132e-13
15,SP100,8.02378,0.71368843,1.0253974948087366e-15,1.589819103798638e-13
15,UNC93B1,7.9509945,1.6774763,1.8501996836670207e-15,2.8457692823764543e-13
15,DRAM2,7.9476013,1.1301855,1.9015729773278722e-15,2.913179617568247e-13
15,CIITA,7.9220963,1.4356225,2.3353922516593814e-15,3.521880987014144e-13
15,MBD4,7.91022,1.370987,2.5693411725807966e-15,3.829806382573523e-13
15,HLA-DPB1,7.901821,1.505206,2.7485731693253388e-15,4.050054037212749e-13
16,CD96,7.872069,1.0508978,3.4882452899825913e-15,4.488906588835597e-11
16,CD247,7.8237457,0.8990326,5.1274392121903e-15,4.9487479556454674e-11
16,FYB1,7.6253963,1.2303917,2.4328585605076905e-14,1.8193174559184556e-10
16,PRKCA,7.5894594,1.052626,3.212431009615766e-14,1.8193174559184556e-10
16,SLFN5,7.586022,0.8616427,3.298767598670981e-14,1.8193174559184556e-10
16,INPP4B,7.5629826,0.9895575,3.9393077515770025e-14,1.901011438217272e-10
16,STAT4,7.434831,1.2920014,1.047017565099315e-13,4.491240013136017e-10
16,FYN,7.3895617,1.0327697,1.4731351949710113e-13,5.153009355094661e-10
16,SYTL3,7.3832693,1.1169221,1.5444923471737714e-13,5.153009355094661e-10
16,CD2,7.3784256,0.80060583,1.6017228477732976e-13,5.153009355094661e-10
16,TXK,7.3353724,0.9615374,2.2110606239012294e-13,6.566169726640835e-10
16,LEF1,7.255487,0.89367294,4.002189519379887e-13,1.1036323470369993e-09
16,CAMK4,7.2289677,0.97962207,4.866795013548222e-13,1.236656867763642e-09
16,BCL11B,7.221936,1.2079132,5.125242160342505e-13,1.236656867763642e-09
16,SLC16A10,7.083998,0.97470576,1.400537270630168e-12,3.0369818023966315e-09
16,ITK,7.0824785,0.8023469,1.4159890287297147e-12,3.0369818023966315e-09
16,TRAC,7.0602202,0.7508923,1.662390188092346e-12,3.223376885407152e-09
16,THEMIS,7.059595,0.86427766,1.6698838964964781e-12,3.223376885407152e-09
16,PLCL1,6.8822117,1.0700643,5.893044092451312e-12,1.0833660011103588e-08
16,IL7R,6.8429365,1.9428083,7.75860509064879e-12,1.3368437834795725e-08
16,HOMER1,6.8391867,1.002297,7.964411495630256e-12,1.3368437834795725e-08
16,RORA,6.760111,0.8897488,1.378860193757288e-11,2.2180115266747445e-08
16,TRAF1,6.749429,0.77466595,1.4842772516034226e-11,2.2920803030160693e-08
16,RNF144A,6.734941,0.8357665,1.6399650243397383e-11,2.4350957588330742e-08
16,CDC14A,6.6570444,0.8605417,2.7938877624887006e-11,3.859995273488988e-08
16,MLLT3,6.656746,0.71513027,2.7995614064573294e-11,3.859995273488988e-08
16,NDFIP1,6.621051,0.78065497,3.5665474834041736e-11,4.655408599572892e-08
16,PBX4,6.6189485,0.72424346,3.617630886058819e-11,4.655408599572892e-08
16,TESPA1,6.5848866,0.7222423,4.5523327638643115e-11,5.66926963489502e-08
16,TNIK,6.565753,0.80338234,5.177050794507483e-11,6.245788217898621e-08
16,SMCHD1,6.481053,0.66237986,9.108481444708484e-11,1.0655819231951991e-07
16,CD3D,6.4358406,0.7464382,1.2279203197834742e-10,1.3942674078106118e-07
16,CHRM3-AS2,6.3729434,0.7689149,1.8543410395779902e-10,2.007479281778093e-07
16,AAK1,6.370131,0.7014978,1.8886664917389455e-10,2.007479281778093e-07
16,IQGAP2,6.3672905,0.81577367,1.9239686428479886e-10,2.007479281778093e-07
16,OXNAD1,6.360117,0.68005174,2.0160002529550533e-10,2.0481501517258627e-07
16,CD3E,6.3485265,0.83071214,2.173872126015036e-10,2.1519104435111918e-07
16,ABHD3,6.3383703,0.77061117,2.322082727991186e-10,2.22253351974548e-07
16,IPCEF1,6.333612,0.66721374,2.3948762930541603e-10,2.22253351974548e-07
16,ANK3,6.3321347,0.8829694,2.4179248777213427e-10,2.22253351974548e-07
16,PRKCH,6.316311,0.7706607,2.6788083488017007e-10,2.405071514275313e-07
16,FHIT,6.2895355,1.0179847,3.1841675725062356e-10,2.7775936357656896e-07
16,ICOS,6.2869506,1.1394879,3.237624037959282e-10,2.7775936357656896e-07
16,TBC1D4,6.254167,0.73122495,3.996432617160791e-10,3.354049513437163e-07
16,TMEM71,6.2468376,0.7227537,4.1884630694561843e-10,3.4404213884984137e-07
16,RBMS1,6.1565404,0.74955726,7.435111742471061e-10,5.979998415204954e-07
16,PKIA,6.1248083,1.0905769,9.079294803812792e-10,7.15337255502034e-07
16,DENND5B,6.107678,0.74563766,1.0109122722672594e-09,7.805455836629964e-07
16,LINC00861,6.097905,0.6967968,1.0746749252159974e-09,8.135078463311529e-07
16,PITPNC1,6.0788713,0.70630157,1.2103143148472775e-09,8.985652776729613e-07
16,HCG18,6.0533037,0.6887801,1.4190512065358863e-09,1.033658318481593e-06
16,CD3G,6.036869,0.5260725,1.5713306816523346e-09,1.1233850425161116e-06
16,BICDL1,6.0165997,0.8384826,1.781189918205803e-09,1.2391902464953492e-06
16,TC2N,6.0151224,0.67124146,1.7975095530161e-09,1.2391902464953492e-06
16,RGCC,5.975137,0.8903291,2.2989676801975803e-09,1.5570867765211893e-06
16,CD28,5.9601088,0.5460782,2.520698755104718e-09,1.677829243785737e-06
16,TNFAIP3,5.915564,0.98235154,3.307400085492291e-09,2.1641608084833116e-06
16,HIVEP1,5.8860335,0.7175292,3.955745833345297e-09,2.5452587273688086e-06
16,USP37,5.8797264,0.71532404,4.1094466635339395e-09,2.6008081621703484e-06
16,PDE3B,5.866872,0.84894085,4.4409408520577954e-09,2.7652735892668266e-06
16,ITM2A,5.8547554,0.71669894,4.777125987607003e-09,2.92739247424692e-06
16,DUSP16,5.831716,0.66315764,5.4860247271488096e-09,3.309272978379796e-06
16,SIK2,5.78862,0.7602621,7.096703100538191e-09,4.215004921528884e-06
16,PRKCQ-AS1,5.7691884,0.659444,7.965416798294492e-09,4.6592860744690476e-06
16,DENND4A,5.7597427,0.5973709,8.424229191854035e-09,4.854116301204729e-06
16,PCNX4,5.7541604,0.7602983,8.707349628296e-09,4.943469702205814e-06
16,PTGER4,5.747882,0.76147765,9.036826613437064e-09,5.056169974468859e-06
16,RCOR1,5.7417173,0.61335355,9.372117931567967e-09,5.168856926658757e-06
16,TRBC1,5.7260356,0.9102522,1.0280457168992869e-08,5.589962386847024e-06
16,SCLT1,5.7196865,0.72793293,1.0672083688514063e-08,5.685591652967131e-06
16,BNIP3,5.7184362,0.65059745,1.0750872679547235e-08,5.685591652967131e-06
16,SLC49A4,5.707428,0.77370936,1.1469606788353388e-08,5.9108413213978544e-06
16,CDK8,5.707229,0.76878834,1.1483010389702095e-08,5.9108413213978544e-06
16,SCML1,5.6998286,0.6546479,1.1992783996486905e-08,6.092018670636492e-06
16,PHLPP2,5.6779256,0.8019854,1.3633792978743738e-08,6.8356650874984515e-06
16,TTN,5.674403,0.7482915,1.3917315126583396e-08,6.888357279190751e-06
16,NEK1,5.6695027,0.77932566,1.4321275883700158e-08,6.998571857799092e-06
16,ABTB3,5.6613064,0.9488057,1.5022474411264442e-08,7.249470589015939e-06
16,LEPROTL1,5.6228414,0.636284,1.8784198100551485e-08,8.952873479875193e-06
16,TRABD2A,5.619688,0.5927033,1.9130270627281614e-08,8.958493777484595e-06
16,JMY,5.617287,0.73700744,1.939786450764355e-08,8.958493777484595e-06
16,TOB1,5.6164494,0.6269085,1.9492137939924e-08,8.958493777484595e-06
16,METTL21A,5.5985236,0.65889126,2.161851504479922e-08,9.81887519787669e-06
16,ELL2,5.5864215,0.6563578,2.3179642470107198e-08,1.040550322326696e-05
16,ZNF274,5.5715494,0.78911954,2.5248369795494507e-08,1.1203891543963918e-05
16,TRAT1,5.5682964,0.65182024,2.572416143884904e-08,1.1226880586970967e-05
16,FAM177A1,5.566024,0.6402857,2.6061743799049715e-08,1.1226880586970967e-05
16,LAT,5.5644474,0.6567825,2.6298463260831485e-08,1.1226880586970967e-05
16,CCDC7,5.562885,0.6027253,2.653510791921568e-08,1.1226880586970967e-05
16,GPRIN3,5.56145,0.6986017,2.6754209552953662e-08,1.1226880586970967e-05
16,FCRL1,5.549433,0.5839844,2.8659707773799087e-08,1.189716858403535e-05
16,RRM1,5.543794,0.6902089,2.9598674364325075e-08,1.2156238537331211e-05
16,CNOT6L,5.5354705,0.6979987,3.1039409236189604e-08,1.2606387480769371e-05
16,TCF7,5.5337377,0.5374428,3.134780081214991e-08,1.2606387480769371e-05
16,CD6,5.527175,0.5173777,3.2542811767743416e-08,1.295203908356188e-05
16,GNG7,5.5041785,0.6914229,3.7089405496008156e-08,1.4610954985498885e-05
16,CD7,5.4999456,0.5440245,3.799088668782012e-08,1.4814910822929127e-05
16,ARL4C,5.495443,0.6161048,3.897316319404209e-08,1.5045979382691888e-05
16,PRMT9,5.487957,0.7065652,4.066091304722143e-08,1.554213078317852e-05
16,FAM241A,5.461125,0.6642981,4.731268485175412e-08,1.7907387366537447e-05
17,TNFAIP2,19.743881,8.575825,9.054888004020308e-87,3.49573006283208e-82
17,SLC8A1,19.521765,9.768082,7.171764865751791e-85,1.3843657720360682e-80
17,PLAUR,19.399755,7.141554,7.753959690611949e-84,8.693486929238177e-80
17,MCTP1,19.39205,6.908328,9.007394632169276e-84,8.693486929238177e-80
17,LYZ,19.357864,10.427727,1.7499383007573582e-83,1.3511623607807714e-79
17,CST3,19.267467,7.5068274,1.0074734580204053e-82,6.482420053389295e-79
17,IFI30,19.137962,4.877019,1.2194757349934802e-81,6.725582889308328e-78
17,PTPRE,19.11555,4.628062,1.8743401185978265e-81,9.04509682732346e-78
17,FGR,19.091911,5.6705008,2.947857106377031e-81,1.2644996827643516e-77
17,DOCK5,19.06938,7.544845,4.536580263079462e-81,1.751392176364457e-77
17,ITGAX,18.99185,8.181057,1.9918743503516618e-80,6.99075465178875e-77
17,EPB41L3,18.93624,7.7439237,5.7351089592697654e-80,1.8450801373464047e-76
17,AIF1,18.906586,5.8356695,1.0066857331231935e-79,2.989546877919539e-76
17,CEBPD,18.868448,7.496631,2.0729522792395493e-79,5.418942501641379e-76
17,TYROBP,18.867626,8.528496,2.1054793950323963e-79,5.418942501641379e-76
17,ANXA5,18.805895,4.0867047,6.757166063977196e-79,1.6304197066618979e-75
17,SRGAP1,18.76713,6.052057,1.402597418753465e-78,3.1699427993033076e-75
17,FCER1G,18.76414,7.4376235,1.4838441807343556e-78,3.1699427993033076e-75
17,TYMP,18.761475,4.2417564,1.560092037164245e-78,3.1699427993033076e-75
17,PLXDC2,18.757435,9.48265,1.683270896674181e-78,3.2492178118501717e-75
17,LST1,18.738674,5.8370404,2.395221451277908e-78,4.403329492763568e-75
17,EMILIN2,18.718058,4.32476,3.5278464297804305e-78,6.190729057641059e-75
17,PLEK,18.714975,4.5459337,3.7379460692439796e-78,6.274223736923176e-75
17,HCK,18.709963,6.7725754,4.106579126292137e-78,6.605774739568094e-75
17,CPVL,18.684095,7.913863,6.670023481186033e-78,1.0300117060586719e-74
17,FGL2,18.665947,6.5097814,9.369930181439037e-78,1.3720363921693085e-74
17,CTSZ,18.664675,3.5768166,9.595654195868862e-78,1.3720363921693085e-74
17,FGD4,18.634903,6.1818237,1.6745986823947036e-77,2.3089127404474973e-74
17,CSF2RA,18.621857,9.275719,2.1367819142024617e-77,2.844572502748284e-74
17,IGSF6,18.552465,7.954059,7.78958681903587e-77,1.0024159624523293e-73
17,FNIP2,18.53529,4.841223,1.0721070665057629e-76,1.3351537228877897e-73
17,GRN,18.482656,4.1544905,2.8481043713047995e-76,3.436059917456034e-73
17,SULF2,18.433073,5.828753,7.13134050799291e-76,8.342803989441645e-73
17,ADGRE2,18.426012,6.930744,8.125643648724273e-76,9.226429373607332e-73
17,ITGB2,18.386663,3.063205,1.6800493008455374e-75,1.8531423802412233e-72
17,ETS2,18.37712,4.671553,2.0033094819997724e-75,2.1483268295023116e-72
17,JAML,18.36744,5.1449947,2.3944836909676506e-75,2.498417226310733e-72
17,CLEC7A,18.313398,8.93775,6.470276813559866e-75,6.573460701691899e-72
17,PLSCR1,18.310616,4.388812,6.809568431059429e-75,6.675994269386431e-72
17,ALDH2,18.309763,5.2668066,6.917053586889531e-75,6.675994269386431e-72
17,NEAT1,18.307774,3.3369465,7.174476256317179e-75,6.755556837838561e-72
17,TET2,18.28952,3.4732356,1.002942513943779e-74,9.218952069836555e-72
17,BID,18.261618,4.233777,1.6726294365840653e-74,1.501710047180568e-71
17,PSTPIP2,18.164728,5.290548,9.819314372411615e-74,8.615555696848245e-71
17,GPX1,18.14836,3.041715,1.3229221272831781e-73,1.1349495921309862e-70
17,SPI1,18.114952,3.7935643,2.428875963173029e-73,2.038460552918651e-70
17,CHN2,18.112751,6.281371,2.5278960090951305e-73,2.0764245388750343e-70
17,CD86,18.10376,4.444323,2.976374557759187e-73,2.3938732536843993e-70
17,GSTP1,18.069723,3.6069114,5.518992436614895e-73,4.3482902450602983e-70
17,LGALS2,18.038574,10.654257,9.701569140361962e-73,7.490775564656278e-70
17,STX11,17.984953,3.9519453,2.5560866076006035e-72,1.9349074426084098e-69
17,RAB31,17.919182,4.2159348,8.354715323129613e-72,6.202733457014265e-69
17,RBM47,17.905731,4.842852,1.0638708571095215e-71,7.605888575846331e-69
17,MGAT1,17.876019,4.13292,1.813320507014936e-71,1.2728191180694295e-68
17,NCF2,17.845108,5.66521,3.1548833435732043e-71,2.1749540421783415e-68
17,LIMS1,17.843208,3.3909245,3.2640306491384208e-71,2.210722232291893e-68
17,CFP,17.83914,6.822622,3.510624114348414e-71,2.33674404411267e-68
17,SHTN1,17.739916,6.219554,2.0624432429614585e-70,1.3495370141994927e-67
17,IL1B,17.689526,9.637721,5.0498491707521734e-70,3.24924128476764e-67
17,NAMPT,17.680086,2.667586,5.970579421541481e-70,3.778691625377548e-67
17,TBXAS1,17.678455,4.0328364,6.145786489666024e-70,3.826842471291073e-67
17,S100A11,17.644688,4.0295286,1.1179229034282148e-69,6.850560572976137e-67
17,CD302,17.62181,5.2685194,1.6755432255525707e-69,1.0107190900887897e-66
17,CSTA,17.60251,10.615193,2.356418790634441e-69,1.3995677512497421e-66
17,MACROH2A1,17.598337,2.8870914,2.536655639016228e-69,1.4837898121190984e-66
17,PSAP,17.555084,3.5817075,5.438702996286209e-69,3.133829371263066e-66
17,KLF4,17.512579,3.907254,1.1487127625997426e-68,6.521647781312598e-66
17,IL18,17.500864,6.51062,1.4111333345898021e-68,7.782601930739129e-66
17,TNFRSF1B,17.485857,3.5726988,1.8363034256720243e-68,9.984835218520306e-66
17,ANXA2,17.48312,3.8195038,1.9266472366637296e-68,1.0330575447033325e-65
17,DPYSL2,17.469984,4.139992,2.425653285369747e-68,1.270790398135886e-65
17,CTSS,17.469744,2.8050914,2.4358516671516236e-68,1.270790398135886e-65
17,LRMDA,17.466856,6.5717635,2.5622891081414506e-68,1.318929777452118e-65
17,CD163,17.459631,11.586534,2.9081210367030998e-68,1.4772489571442088e-65
17,FTH1,17.448318,2.4809287,3.5451086715682435e-68,1.7774346152540729e-65
17,TIMP1,17.440868,5.026585,4.03888360073289e-68,1.9990402601268454e-65
17,SERPINA1,17.428974,9.369375,4.97299126063542e-68,2.430218995039127e-65
17,IFITM3,17.405874,5.204288,7.446072761243994e-68,3.5932885627573203e-65
17,IRAK3,17.40188,4.3908095,7.983984575062584e-68,3.805305043269952e-65
17,FCGRT,17.36271,4.128451,1.5808048038946172e-67,7.442506129165316e-65
17,TLR2,17.36129,6.151448,1.6204315152145844e-67,7.537154105587259e-65
17,VEGFA,17.347645,6.1049256,2.0549892457528038e-67,9.444632716849136e-65
17,METRNL,17.323242,3.695345,3.141458673156268e-67,1.4268135710102458e-64
17,PPIF,17.300577,4.0648823,4.657071441388063e-67,2.090591861235204e-64
17,GLUL,17.281965,3.939337,6.43196023172785e-67,2.8125530582820285e-64
17,WARS1,17.265865,4.4254365,8.501880324050613e-67,3.6469287976699777e-64
17,EFHD2,17.241285,2.8612704,1.3011333077040944e-66,5.5199508216729966e-64
17,PFKFB3,17.189863,3.4165888,3.1628181452435304e-66,1.3272147534268666e-63
17,SAT1,17.182785,2.5852852,3.573319758701454e-66,1.4833503505852508e-63
17,CTSH,17.168154,3.0371082,4.598158282713536e-66,1.8884733900259441e-63
17,SRGN,17.135672,2.728237,8.04176780717046e-66,3.268005136459187e-63
17,HAVCR2,17.13072,4.2609034,8.756384109621404e-66,3.521343384750458e-63
17,ENSG00000257764,17.130093,9.101074,8.85147237290755e-66,3.522886004417205e-63
17,ZMIZ1,17.119156,3.7128363,1.0681417847698173e-65,4.2078246676350575e-63
17,CCDC88A,17.059654,3.6827307,2.963049275877709e-65,1.1554694984296449e-62
17,AOAH,17.031406,3.722596,4.803523492608745e-65,1.854448279556532e-62
17,RIN3,16.993914,3.3373773,9.110209791898872e-65,3.4822649428321565e-62
17,MYO1F,16.988842,3.473735,9.93308005701994e-65,3.7595734184442336e-62
17,COTL1,16.979342,2.5043068,1.1678885647512522e-64,4.377427760270567e-62
17,FPR1,16.970184,8.920499,1.3650073057452048e-64,5.06706461976917e-62
18,CCDC88A,18.224705,5.196557,3.286441451656731e-74,1.2687635868265976e-69
18,PRPSAP2,18.18548,5.2611413,6.7262711453714794e-74,1.2983721191910568e-69
18,ENSG00000225885,18.077515,7.450342,4.792049680462121e-73,6.166728998797356e-69
18,CD38,17.780745,4.7555923,9.964673226564762e-71,9.61740436461898e-67
18,UBE2J1,17.703592,3.700721,3.9339302723590435e-70,2.908887870326162e-66
18,RGS13,17.69576,6.8976045,4.520884635019679e-70,2.908887870326162e-66
18,IRAG2,17.321012,4.1697006,3.26565543475174e-67,1.575923671425321e-63
18,ZNF608,17.303429,4.8538527,4.43213492832916e-67,1.901188900478617e-63
18,SYNE2,17.267418,3.5249355,8.276296678396096e-67,3.195147095661597e-63
18,CCDC144BP,17.24002,6.072928,1.3298884975175656e-66,4.667425030469376e-63
18,MEF2B,17.172121,6.0978565,4.2944277064329514e-66,1.3815889669545878e-62
18,RAPGEF5,16.877895,6.224949,6.543731730760726e-64,1.5789206699859287e-60
18,RABGAP1L,16.841152,2.4021955,1.2184237683639693e-63,2.7669687059682e-60
18,SPATS2,16.746868,3.868236,5.968751406041029e-63,1.2127874567453683e-59
18,AFF2,16.548532,5.862723,1.6405219203523866e-61,2.6389162190468432e-58
18,MYBL1,16.506063,5.2758102,3.318341400894668e-61,5.1243155249175824e-58
18,RFTN1,16.473206,2.8996496,5.7159612410987544e-61,8.076596736705994e-58
18,OTULIN,16.471724,3.2848098,5.857760675225815e-61,8.076596736705994e-58
18,NLK,16.156403,3.5342245,1.023620200420244e-58,1.197511559315877e-55
18,SPRED2,16.081606,4.249146,3.433570474191892e-58,3.682122825740339e-55
18,BCAR3,16.074352,4.173391,3.860104883633959e-58,4.027654301015476e-55
18,MYO1E,16.058094,3.7148623,5.017312954571943e-58,5.097325892742222e-55
18,SEC14L1,16.043835,3.0503552,6.313366589886352e-58,6.249585399209039e-55
18,PDGFD,15.987354,6.0528865,1.5654007326118015e-57,1.4739966020295417e-54
18,POU2AF1,15.985622,2.9974444,1.6095190370730376e-57,1.4794545701248023e-54
18,KLHL6,15.951953,2.919451,2.7612635136140146e-57,2.479100911780992e-54
18,BCL7A,15.934868,3.7585452,3.629644992441341e-57,3.1846835131406906e-54
18,EPS15,15.831317,2.3515835,1.892196137064801e-56,1.5542579588834832e-53
18,CLIC4,15.796446,2.78931,3.291585354167972e-56,2.6473946704793484e-53
18,MSI2,15.781187,2.7766907,4.19229552627796e-56,3.3030155323976924e-53
18,NUGGC,15.753072,6.264565,6.54245215344639e-56,4.9525079967833595e-53
18,LMO2,15.680287,5.9607286,2.0631744610273013e-55,1.4223377364717857e-52
18,RAB30,15.657072,2.337289,2.9727282035566953e-55,2.013423596956312e-52
18,SEL1L3,15.599078,2.60218,7.385245495321174e-55,4.915772199868435e-52
18,CCDC144A,15.56129,5.201972,1.3338318836177815e-54,8.582318949824678e-52
18,DMD,15.556672,4.6961026,1.433623947044386e-54,9.07319444255665e-52
18,BASP1,15.498163,2.8635416,3.5694911572811716e-54,2.2226415422257567e-51
18,GMDS,15.472014,3.859422,5.360306343806175e-54,3.284761693793352e-51
18,DCAF12,15.42616,4.718872,1.0917633457448885e-53,6.484402419358025e-51
18,RBM6,15.3972645,2.0344422,1.707411167581735e-53,9.838256050098577e-51
18,LRRK1,15.389448,3.3321211,1.9266965713343275e-53,1.0938536446019566e-50
18,LCP1,15.244004,2.1665149,1.80462923239804e-52,1.0097031325501267e-49
18,TOX,15.220273,3.7025113,2.5944441147961943e-52,1.4308729927974553e-49
18,HS2ST1,15.188102,2.780608,4.240216947172833e-52,2.305603034683865e-49
18,HMCES,15.176338,2.620944,5.073276518344412e-52,2.7202626842667274e-49
18,JCHAIN,15.170456,5.2355814,5.549020371188751e-52,2.891865149904797e-49
18,EHMT1,15.166758,2.2522936,5.8705731423730334e-52,2.943368139408485e-49
18,RASGRP3,15.157319,2.7286687,6.778045124917595e-52,3.3547847447765214e-49
18,TACC1,15.153465,2.253729,7.187516595331591e-52,3.512421084549005e-49
18,RAB3GAP2,15.104427,2.8531892,1.5141611961417782e-51,7.128744772957254e-49
18,LHFPL2,14.989299,3.7862473,8.625889125618402e-51,3.9177773598073416e-48
18,CPNE3,14.954694,3.4352205,1.4514878883546864e-50,6.440935795151842e-48
18,TMED8,14.905453,3.4223797,3.037460102501154e-50,1.2886174144742807e-47
18,SWAP70,14.903347,2.5688705,3.1347667727530118e-50,1.3154435437924213e-47
18,PARP1,14.875232,2.4183955,4.773311667865231e-50,1.9814889274151088e-47
18,CPNE5,14.827817,3.4741247,9.683171197321301e-50,3.9167358351917417e-47
18,FNBP1,14.783273,1.6072466,1.8781497115850015e-49,7.475035852108306e-47
18,MAST2,14.768606,3.8823004,2.3349144433076068e-49,9.198133367176883e-47
18,HERPUD1,14.687319,2.0968058,7.772881788058583e-49,3.0311098415130268e-46
18,NCOA3,14.653931,1.863225,1.2714313202636086e-48,4.812242897068321e-46
18,CD79B,14.601179,2.8394544,2.760284423493509e-48,1.0053164193716076e-45
18,GRHPR,14.503822,3.12081,1.1458795118237827e-47,3.985389588600807e-45
18,ELL3,14.475286,4.657615,1.7360332672313537e-47,5.984044670958361e-45
18,CUX1,14.445158,2.3857954,2.689408461187058e-47,9.188256907308633e-45
18,MCTP2,14.438792,2.8215404,2.949663125318537e-47,9.989008299653284e-45
18,PRRG4,14.378864,5.81809,7.023784242294403e-47,2.357914908330589e-44
18,SH3KBP1,14.371422,2.0103695,7.820888277340652e-47,2.602872524439769e-44
18,NEIL1,14.33184,3.6516898,1.3840600367095541e-46,4.544530193025847e-44
18,FAM3C,14.310527,2.506555,1.880835955671459e-46,6.101811168458179e-44
18,CTSH,14.27951,2.6121068,2.9366090334527993e-46,9.447560695456563e-44
18,ARPC2,14.27447,1.7350392,3.156784724154269e-46,1.0071969509148735e-43
18,FANCA,14.261084,4.4371195,3.824704220203221e-46,1.2102994354521766e-43
18,LPP,14.206335,2.9510422,8.369194553716526e-46,2.6268384141526845e-43
18,MBD2,14.179703,2.0376043,1.2236425523466505e-45,3.809672933539903e-43
18,BCL2L11,14.115141,2.1172898,3.06403811875876e-45,9.314193355338639e-43
18,LINC00877,14.089319,4.2344203,4.418007127175395e-45,1.3325123683729163e-42
18,PAG1,14.023478,2.261271,1.1198904385023306e-44,3.275340171880377e-42
18,ACTR3,14.012229,1.7274942,1.312212304568683e-44,3.808967536103653e-42
18,KANK1,13.979418,3.3194327,2.0818511807262782e-44,5.997906468889456e-42
18,MAP4K4,13.936683,1.9158584,3.791556020446304e-44,1.076300086215809e-41
18,PLCG2,13.933469,1.521749,3.966137920674146e-44,1.1176402960988765e-41
18,MEF2C,13.922641,2.5424657,4.615287002532234e-44,1.2911432610127496e-41
18,CLTC,13.912469,2.2363837,5.321075898574711e-44,1.456918128655144e-41
18,IGF2BP3,13.888613,5.0825324,7.425957997605169e-44,2.0189192567291912e-41
18,SERPINA9,13.863806,6.7314854,1.0495899742938671e-43,2.794515210178554e-41
18,GSTP1,13.858563,2.664708,1.129120295530748e-43,2.9856724746068534e-41
18,DAPP1,13.843647,2.4398103,1.3897213932980109e-43,3.6497676265076876e-41
18,MZB1,13.807794,3.69325,2.2873054573391717e-43,5.926423791009132e-41
18,CTPS2,13.787276,3.9635043,3.040214896340121e-43,7.772883197887862e-41
18,BIK,13.782799,4.78781,3.234830884746498e-43,8.216044811613375e-41
18,ANKRD33B,13.777416,2.5685704,3.4852441587634433e-43,8.794204966877223e-41
18,ANKRD13A,13.771784,2.0598085,3.7679331446958925e-43,9.445767985982444e-41
18,RNF121,13.74551,3.7381592,5.4190036452015925e-43,1.3410644533759787e-40
18,EPS15-AS1,13.723979,5.437354,7.294977252222036e-43,1.7712571811275716e-40
18,USP34,13.721872,1.5837181,7.510052523889684e-43,1.8120817983580323e-40
18,SERF2,13.671274,1.5288734,1.5073152527357185e-42,3.614373456342556e-40
18,HMGN1,13.659994,1.8572944,1.759976238020424e-42,4.194175471914599e-40
18,EAF2,13.643269,2.2307408,2.2140941391229595e-42,5.180443535453392e-40
18,RBBP4,13.58306,1.8822345,5.0472902548920976e-42,1.1738294432552069e-39
18,EYA3,13.580298,2.9512005,5.241248032479645e-42,1.2116384523467615e-39
19,LINC-PINT,13.833405,1.995851,1.6025265370131288e-43,5.573616170083681e-41
19,SIPA1L1,13.714211,2.6118414,8.34688427724016e-43,2.826665038659067e-40
19,LYN,13.504822,2.874299,1.464670614987888e-41,4.874575324329518e-39
19,EBF1,13.184749,3.1588202,1.074116497490776e-39,3.2145225970642557e-37
19,DENND4A,13.024791,1.7985516,8.844302393529723e-39,2.6264856784969885e-36
19,ARID1B,12.1280775,1.8234874,7.498947019134286e-34,1.9046338725045935e-31
19,KMT2E,12.012548,1.3458341,3.0528964607714423e-33,7.5551359464450195e-31
19,MT-CO1,11.993047,1.1713127,3.864241810921096e-33,9.462063491264418e-31
19,TRAF3,11.992871,2.4282413,3.872470682328597e-33,9.462063491264418e-31
19,MT-ND4,11.905141,1.0734693,1.1127527321203714e-32,2.6355172991557705e-30
19,RERE,11.867741,2.062959,1.7410535347493884e-32,4.073643197729387e-30
19,ENSG00000289474,11.850178,1.3760892,2.1473561301169758e-32,4.994025949355179e-30
19,PRDM2,11.826114,1.6672485,2.860843251273558e-32,6.57414967611113e-30
19,ELOVL5,11.816636,1.5308682,3.202545833945087e-32,7.272793203840237e-30
19,PLEKHG1,11.75984,2.721185,6.285315206763616e-32,1.3945452808753802e-29
19,MAP4K4,11.682134,1.8683431,1.5729634995341233e-31,3.4700473636008207e-29
19,GNG7,11.614152,2.6195934,3.4923620922742456e-31,7.561738129947432e-29
19,BACH2,11.610153,2.0124292,3.6596007657571163e-31,7.849030397934402e-29
19,SMAD3,11.607211,2.6318412,3.7876888443097885e-31,8.078868260962635e-29
19,AFF3,11.591708,2.499069,4.539849732160629e-31,9.57734638031657e-29
19,PAFAH1B1,11.559312,1.6194936,6.623742684776371e-31,1.3822497842620358e-28
19,BANK1,11.500279,2.5963671,1.314895616209467e-30,2.7145914523734053e-28
19,SNX9,11.408867,1.9423525,3.776147832766883e-30,7.672734906936752e-28
19,ENSG00000289901,11.346857,1.3695815,7.687643835288698e-30,1.5298411232224508e-27
19,PHF20,11.3290825,1.7247314,9.418644916427975e-30,1.8551847226715225e-27
19,CDC42SE2,11.319252,1.6487732,1.0536682115278628e-29,2.064868780418511e-27
19,JAZF1,11.305547,2.5927,1.2318465703541365e-29,2.3778334347545895e-27
19,MGAT5,11.296862,2.0123897,1.3599137585081115e-29,2.6119816199484653e-27
19,MT-CO3,11.273661,1.1515857,1.7705216007676582e-29,3.367130882720996e-27
19,TANK,11.232051,2.0430303,2.838138055853904e-29,5.293196028226851e-27
19,ARHGAP24,11.204357,2.7515464,3.8815937178882227e-29,7.20446187849965e-27
19,MT-CO2,11.194016,1.0642169,4.362146857050623e-29,8.019287693490303e-27
19,CYRIA,11.155578,2.9093094,6.725462754463577e-29,1.2305365644493879e-26
19,CHST11,11.121173,1.8996903,9.896262388640958e-29,1.7853042325975365e-26
19,ZHX2,11.118337,1.6903981,1.021591368977682e-28,1.834397971662902e-26
19,GNB1,11.097849,1.765186,1.2850008151428965e-28,2.2967009939540122e-26
19,ARIH1,10.844506,1.3303604,2.117769354910224e-27,3.554721900681048e-25
19,MT-ATP6,10.840648,1.0216663,2.2090092083714535e-27,3.691818593003824e-25
19,EIF2AK3,10.776947,2.1999843,4.4232453621192744e-27,7.235754680083759e-25
19,SIK3,10.754662,1.5846337,5.6340218891337714e-27,9.138951640836065e-25
19,MICAL3,10.750452,2.1880372,5.897216775434644e-27,9.525855683365265e-25
19,RUBCNL,10.747492,2.4914374,6.0894853682919276e-27,9.79544467201159e-25
19,MT-ND3,10.699047,1.0867864,1.028306070994926e-26,1.6304050706344641e-24
19,GPBP1,10.683068,1.0676535,1.2216538131972507e-26,1.9241288076721526e-24
19,INPP5A,10.6625805,2.4585292,1.5231144399994245e-26,2.37102242220233e-24
19,PRKCB,10.553447,1.6728188,4.8967187892395314e-26,7.501695459419894e-24
19,SSH2,10.525929,1.5687369,6.561052033376868e-26,1.0011698608717289e-23
19,BRAF,10.4763565,1.466712,1.1093509949668197e-25,1.679513902419178e-23
19,PDE7A,10.435258,1.4262619,1.7114871886441447e-25,2.5709600935718228e-23
19,MT-ND4L,10.380823,1.1801702,3.0315104506550216e-25,4.484080170804129e-23
19,MT-ND5,10.380329,1.0539919,3.047214831434275e-25,4.490105945891283e-23
19,ZSWIM6,10.346683,1.4515127,4.332403886913101e-25,6.335484259779059e-23
19,MT-ND1,10.324715,1.0512908,5.44807242603516e-25,7.877463823202749e-23
19,NCOA3,9.986232,1.5597125,1.7511297973544715e-23,2.3555441448315934e-21
19,PRKCE,9.896158,2.0002196,4.3257283327991995e-23,5.7387995881802716e-21
19,ARHGAP15,9.87567,1.1499654,5.307679624448769e-23,6.993456641005773e-21
19,DENND3,9.80487,2.562269,1.0728516780564765e-22,1.40401735196774e-20
19,MT-CYB,9.792433,0.95861673,1.2134073704979094e-22,1.5772661597792017e-20
19,SNX25,9.756513,2.1704917,1.7300200826018509e-22,2.1970116877936528e-20
19,CDK14,9.699788,2.2572968,3.0212678264536322e-22,3.7993181012400303e-20
19,PLCG2,9.525614,1.2083668,1.6406977007945513e-21,2.0044549188884319e-19
19,NUP98,9.281608,1.3570077,1.6694006778285885e-20,1.9124297497997176e-18
19,REL,9.278578,1.0295391,1.7175571282060397e-20,1.9617754583290643e-18
19,NFKB1,9.104052,1.350883,8.702353875956669e-20,9.517367527908872e-18
19,AUTS2,9.020109,2.4525192,1.8790233175073977e-19,2.020656662832607e-17
19,MT-ND2,8.985704,0.9272876,2.5708316089176364e-19,2.7266353047767655e-17
19,ANKRD44,8.934404,1.2052733,4.0937588657277114e-19,4.294664531801196e-17
19,UBE2H,8.907963,1.6852529,5.197897465808102e-19,5.438212183332997e-17
19,FNBP1,8.883986,1.4740499,6.450613455877755e-19,6.694418899935931e-17
19,VPS37B,8.814612,1.4974548,1.2009938935527e-18,1.2364152067865476e-16
19,SREBF2,8.79453,1.9011548,1.4364794301348032e-18,1.471000659941226e-16
19,DYRK1A,8.741734,1.3244962,2.295605432056713e-18,2.3200037515701956e-16
19,FOXP1,8.694997,1.122506,3.4683903252205618e-18,3.442176783945116e-16
19,RALGPS2,8.681045,1.6702656,3.9214988495667275e-18,3.8818816560608483e-16
19,CD83,8.67583,1.8067089,4.105441566825727e-18,4.0432315594100516e-16
19,UTRN,8.603621,1.1299707,7.724018959455085e-18,7.417748157928433e-16
19,TNRC6B,8.562169,1.0128983,1.107638883014493e-17,1.0532390817157026e-15
19,SMAP2,8.516524,0.71698654,1.6441288177844243e-17,1.5443610009582843e-15
19,GNA12,8.496918,2.208529,1.9469192566429092e-17,1.8199216663911904e-15
19,TRIO,8.482648,2.0646353,2.2012578239051476e-17,2.037931883685423e-15
19,SNX29,8.479371,1.7110949,2.2641391950152334e-17,2.091132960831533e-15
19,WAC,8.456893,1.0895416,2.7459626158276545e-17,2.5180672861435257e-15
19,CAMK1D,8.422065,1.4698421,3.699057837860818e-17,3.3840243338496386e-15
19,CARD11,8.35935,2.0050175,6.306456947125493e-17,5.71518959860861e-15
19,HIVEP2,8.34871,1.4207846,6.90125558007905e-17,6.224997030947004e-15
19,ANKRD11,8.333067,1.2379313,7.877483830088119e-17,7.089000949752492e-15
19,PAX5,8.317317,1.939094,8.997652920065134e-17,8.059475374293146e-15
19,ZFAND3,8.310201,1.6426572,9.554059481037246e-17,8.518337651845817e-15
19,RABGAP1L,8.250005,1.2520516,1.5838802122855095e-16,1.4024605384287703e-14
19,TRAK1,8.242783,1.8861367,1.682517449587962e-16,1.4829970013423027e-14
19,ITSN2,8.213697,1.1723778,2.1447974550789738e-16,1.8733495599723723e-14
19,RRAS2,8.166168,1.848985,3.183395492508834e-16,2.7250147756939257e-14
19,PUM1,8.139585,1.3502568,3.966355012624521e-16,3.387723487110227e-14
19,UST,8.138299,2.0465217,4.008703207177878e-16,3.416335452898657e-14
19,CREBBP,8.132362,1.240432,4.2100495992123686e-16,3.564324009368261e-14
19,USP9X,8.062196,1.1546755,7.493610285505711e-16,6.24834381603096e-14
19,ST6GAL1,7.9621344,1.6174871,1.6909699628004601e-15,1.3801603886654242e-13
19,RAPGEF1,7.949961,1.8856398,1.8656998628947475e-15,1.51636229277715e-13
19,ELMO1,7.920577,1.1410009,2.3641111905822833e-15,1.905404522413771e-13
19,FOXN3,7.8867707,1.2611645,3.1010598678097707e-15,2.47866495355412e-13
20,PTCRA,7.737855,12.830039,1.0110796326408197e-14,3.657741694912929e-11
20,GZMB,7.7361546,11.740076,1.0246879622326998e-14,3.657741694912929e-11
20,IL3RA,7.734763,7.50172,1.0359559779715799e-14,3.657741694912929e-11
20,CLEC4C,7.7302804,10.47666,1.0730998909240034e-14,3.657741694912929e-11
20,LILRB4,7.7278843,8.985417,1.0934869327457868e-14,3.657741694912929e-11
20,PLD4,7.72773,6.152353,1.0948152353593324e-14,3.657741694912929e-11
20,COL24A1,7.7196913,8.704081,1.1661192396915389e-14,3.657741694912929e-11
20,LILRA4,7.7193046,7.869666,1.1696600980866758e-14,3.657741694912929e-11
20,GPR183,7.717836,4.563549,1.1832121060407298e-14,3.657741694912929e-11
20,ITM2C,7.714822,6.129732,1.2115152544986451e-14,3.657741694912929e-11
20,SEC61B,7.7091794,4.3542333,1.2662947815270147e-14,3.657741694912929e-11
20,CLIC3,7.703923,8.081048,1.319511030051309e-14,3.657741694912929e-11
20,PPP1R14B,7.697508,4.9414406,1.3874551253168248e-14,3.657741694912929e-11
20,SOX4,7.6971216,6.806845,1.3916563103119668e-14,3.657741694912929e-11
20,PACSIN1,7.688542,7.702249,1.488213376123161e-14,3.657741694912929e-11
20,SERPINF1,7.6784935,6.598211,1.6097008068316624e-14,3.657741694912929e-11
20,GNA15,7.6784163,6.76653,1.6106721445764854e-14,3.657741694912929e-11
20,JCHAIN,7.668832,6.6607814,1.7356959068393126e-14,3.7226820099688056e-11
20,PTPRS,7.65832,6.275367,1.8838090837712232e-14,3.8277017625300967e-11
20,CORO1C,7.642475,4.8326254,2.1308553655204055e-14,4.007441687591578e-11
20,SMPD3,7.6349773,6.425969,2.2585997693860566e-14,4.007441687591578e-11
20,DUSP5,7.6245427,4.1336155,2.4490078285784947e-14,4.007441687591578e-11
20,THEMIS2,7.622379,4.7032413,2.4904332204749e-14,4.007441687591578e-11
20,IRF7,7.608311,4.786525,2.777006033494093e-14,4.007441687591578e-11
20,SLC15A4,7.6073065,4.4782147,2.798673882967528e-14,4.007441687591578e-11
20,ZFAT,7.604292,5.6817665,2.8646800293750803e-14,4.007441687591578e-11
20,BID,7.6037507,4.9479537,2.876688294525794e-14,4.007441687591578e-11
20,ENSG00000225885,7.6007366,6.597136,2.944503331873334e-14,4.007441687591578e-11
20,CD68,7.597645,5.457573,3.0156902148104625e-14,4.007441687591578e-11
20,ALOX5AP,7.5920796,4.3500576,3.148116881638771e-14,4.007441687591578e-11
20,NPC2,7.587519,4.2846947,3.260882800463681e-14,4.007441687591578e-11
20,FCER1G,7.585123,6.436443,3.3217151220776695e-14,4.007441687591578e-11
20,SULF2,7.563558,5.858839,3.9219016309120645e-14,4.588149526151247e-11
20,RHEX,7.550264,4.400122,4.3437773627314245e-14,4.750335032790421e-11
20,RUBCN,7.5500317,3.4235027,4.351518135240452e-14,4.750335032790421e-11
20,PTPRE,7.5477133,4.844477,4.429675728655006e-14,4.750335032790421e-11
20,TYROBP,7.53666,6.558555,4.8216103165207596e-14,5.030894267016228e-11
20,NR4A3,7.5259933,4.468665,5.232091839872129e-14,5.315529936055353e-11
20,ENSG00000287979,7.5205445,4.081958,5.454863752836733e-14,5.399755642102947e-11
20,SMIM3,7.5151725,5.2423697,5.683595705764197e-14,5.485522395418315e-11
20,MALT1,7.5038877,2.780397,6.195242591708047e-14,5.7218994917045965e-11
20,BHLHE40,7.5023417,4.7014403,6.268767757931933e-14,5.7218994917045965e-11
20,RAB11FIP1,7.5001774,3.3184607,6.373146094992945e-14,5.7218994917045965e-11
20,RGS2,7.4946895,4.1045923,6.645539874663478e-14,5.830857100028596e-11
20,MZB1,7.476062,4.39104,7.658286955062566e-14,6.570129470825454e-11
20,DNASE1L3,7.45813,5.5058722,8.775916529258142e-14,7.204012993031647e-11
20,GRAMD1B,7.4536467,5.99359,9.079485311255388e-14,7.204012993031647e-11
20,ARID3A,7.4527965,5.164883,9.138212037288621e-14,7.204012993031647e-11
20,C12orf75,7.452719,5.087532,9.143569306805956e-14,7.204012993031647e-11
20,SH3TC1,7.4461493,4.2946677,9.610400770341515e-14,7.42038264279609e-11
20,SLC7A5,7.4275217,3.9250708,1.1065131219113872e-13,8.253488012155325e-11
20,RRBP1,7.4269032,4.31843,1.1116960488837923e-13,8.253488012155325e-11
20,IRF4,7.422961,4.1941185,1.145302594246586e-13,8.342556972355415e-11
20,SSR4,7.4105945,2.5197747,1.2573465496326928e-13,8.835952695807501e-11
20,PFKFB3,7.41044,4.0876536,1.2588131333715292e-13,8.835952695807501e-11
20,RGS13,7.407348,5.598752,1.2885003507205044e-13,8.882829382127821e-11
20,CDYL,7.379754,3.6551173,1.5858202162524883e-13,1.0740732503270801e-10
20,ENSG00000262202,7.353938,4.0511413,1.9245078443656624e-13,1.2498077084432128e-10
20,P2RX1,7.3527017,4.0489545,1.9424043544162245e-13,1.2498077084432128e-10
20,SCT,7.3465953,11.008553,2.0331930145126446e-13,1.2867778609553304e-10
20,RELL1,7.3380156,4.1445923,2.1678374252597411e-13,1.3458046369837826e-10
20,P2RY6,7.3362765,9.353842,2.1961791465051625e-13,1.3458046369837826e-10
20,CTSB,7.333146,3.9383724,2.2481143916377868e-13,1.3522968327957137e-10
20,INPP4A,7.3314457,3.962239,2.276829874416448e-13,1.3522968327957137e-10
20,PPIB,7.32534,2.8817449,2.382945581145267e-13,1.3938787440256693e-10
20,LDLRAD4,7.3142095,4.2408576,2.58901346539097e-13,1.4918127439534893e-10
20,UGCG,7.307021,2.7782662,2.731298923532776e-13,1.5506547976750935e-10
20,IRF2BP2,7.292026,2.6093214,3.053281004886745e-13,1.7083328474588068e-10
20,DSTN,7.2866926,4.3196387,3.1765609423438983e-13,1.7519187391446934e-10
20,CCDC88A,7.2781906,4.2436657,3.3832733869309995e-13,1.8140923941091412e-10
20,PHEX,7.268838,7.5679965,3.6259293684342105e-13,1.9175702629831663e-10
20,FYTTD1,7.2666736,2.9862094,3.684471496669867e-13,1.9221987378437415e-10
20,CST3,7.260722,4.8472896,3.850290606621859e-13,1.98192425545658e-10
20,LINC00996,7.235215,6.672259,4.647911622887116e-13,2.361016790962895e-10
20,BANP,7.230887,3.4086025,4.798499606798241e-13,2.405855530130557e-10
20,SERPINB9,7.2265196,3.1311452,4.955284579471447e-13,2.4526117496804446e-10
20,TGFBI,7.21566,6.0295906,5.367299189702974e-13,2.622910791362949e-10
20,TEX14,7.196105,5.0782037,6.195702297348025e-13,2.9898910361427236e-10
20,CD2AP,7.1876025,3.1112201,6.593890021602694e-13,3.1427619527653535e-10
20,SEMA7A,7.179255,3.6589243,7.009241212623504e-13,3.299984954323695e-10
20,SEL1L3,7.1573806,3.3591802,8.223308286118589e-13,3.8249281890830635e-10
20,ENSG00000290104,7.1488786,4.1158333,8.748976304129203e-13,4.0209878475858574e-10
20,PLP2,7.142811,2.9670177,9.14413886521654e-13,4.1531602944770553e-10
20,APP,7.111391,3.1308253,1.1487910764072632e-12,5.157003290206838e-10
20,DAPK1,7.105942,5.18319,1.1950469822975357e-12,5.302986643514789e-10
20,SH2B3,7.083952,2.7860358,1.4010057990584977e-12,6.146276122551404e-10
20,LINC01374,7.081942,5.4171453,1.4214790666425253e-12,6.166024814247341e-10
20,HSP90B1,7.065981,2.7052789,1.5948509095292464e-12,6.841201579254009e-10
20,NAPSB,7.0631213,3.447138,1.6280352296717306e-12,6.906805283154596e-10
20,ENSG00000291073,7.0615754,2.5994654,1.6462537717397316e-12,6.908181859976529e-10
20,MOB1B,7.0551214,3.7664447,1.72450112956256e-12,7.158719420203462e-10
20,GPX1,7.030774,2.6506138,2.053910635444198e-12,8.402332485407344e-10
20,GPR65,7.029846,3.3930604,2.0676101800593113e-12,8.402332485407344e-10
20,DUSP22,7.023199,3.5964427,2.1684476348832896e-12,8.683120014100928e-10
20,JAML,7.022349,3.6139712,2.181688445754002e-12,8.683120014100928e-10
20,FHIP1A,7.017325,5.443426,2.261563833332169e-12,8.909176872410378e-10
20,CHAF1A,7.013499,4.488304,2.3243092270753778e-12,9.063866870754751e-10
20,SLAMF7,6.9980016,5.290043,2.5963936767043403e-12,1.0023637428284777e-09
20,PPP1R16B,6.987953,2.7256799,2.7892516984710118e-12,1.0661569412987314e-09
20,PMEPA1,6.9818087,2.7259083,2.914042203434737e-12,1.102936404958838e-09
21,IGFBP7,7.1345997,11.113402,9.706927200655301e-13,3.5841559078066003e-09
21,NFIB,7.1342645,11.123859,9.730616278094172e-13,3.5841559078066003e-09
21,COL4A1,7.1290674,10.991507,1.0105134841561124e-12,3.5841559078066003e-09
21,COL4A2,7.125379,9.693214,1.0379467796123314e-12,3.5841559078066003e-09
21,EPAS1,7.1211877,7.4250536,1.0700087487491635e-12,3.5841559078066003e-09
21,NRP1,7.1159067,8.73392,1.1117933830682068e-12,3.5841559078066003e-09
21,DOCK1,7.107189,7.526962,1.1843004844942682e-12,3.5841559078066003e-09
21,TIMP3,7.1070213,8.610273,1.1857393691870668e-12,3.5841559078066003e-09
21,FERMT2,7.101405,7.2770557,1.2349459689463532e-12,3.5841559078066003e-09
21,RBPMS,7.0971303,7.801723,1.2737395917481223e-12,3.5841559078066003e-09
21,CAVIN1,7.0817065,7.4489207,1.423898043685208e-12,3.5841559078066003e-09
21,OSMR,7.07827,8.012367,1.4596524517179804e-12,3.5841559078066003e-09
21,TJP1,7.072654,7.498987,1.5199849998475478e-12,3.5841559078066003e-09
21,SPARCL1,7.0722346,8.915045,1.5245842796453169e-12,3.5841559078066003e-09
21,IGFBP4,7.0694685,6.478938,1.5552838096557901e-12,3.5841559078066003e-09
21,LEPROT,7.0670376,4.4373136,1.5827622744455831e-12,3.5841559078066003e-09
21,MPDZ,7.060499,6.984051,1.6590550897145388e-12,3.5841559078066003e-09
21,NNMT,7.0594935,7.680341,1.6711082821457495e-12,3.5841559078066003e-09
21,IFITM3,7.0403814,6.806941,1.9171430013626667e-12,3.845944100187825e-09
21,FARP1,7.0245385,6.398801,2.14774675598395e-12,3.845944100187825e-09
21,YAP1,7.0241194,6.5448804,2.154202903951126e-12,3.845944100187825e-09
21,DLC1,7.021102,6.97303,2.201252436739659e-12,3.845944100187825e-09
21,SEPTIN10,7.012971,6.1065974,2.3330989036139178e-12,3.845944100187825e-09
21,STOM,7.007774,4.8788486,2.4213973253482243e-12,3.845944100187825e-09
21,SPARC,7.0038342,7.0633554,2.4905093121456675e-12,3.845944100187825e-09
21,GRB10,6.9838004,6.3989367,2.8730059122508233e-12,4.265971778782895e-09
21,PDK4,6.9526176,6.552797,3.585695745782718e-12,4.410391644145207e-09
21,PTPRG,6.9525337,6.439958,3.587827701401994e-12,4.410391644145207e-09
21,DPYSL2,6.9507737,5.453235,3.6328869618275116e-12,4.410391644145207e-09
21,CEBPD,6.949013,6.5337996,3.678500930466037e-12,4.410391644145207e-09
21,PLS3,6.9472528,5.9597073,3.7246762930465785e-12,4.410391644145207e-09
21,WWTR1,6.940966,5.9383354,3.894274441805541e-12,4.410391644145207e-09
21,RBMS3,6.9398766,6.3824196,3.924431605236528e-12,4.410391644145207e-09
21,CALD1,6.9345956,6.7641416,4.0738518286212795e-12,4.410391644145207e-09
21,CNN3,6.9345956,4.690762,4.0738518286212795e-12,4.410391644145207e-09
21,ARHGEF10,6.9332542,5.74514,4.112679355261551e-12,4.410391644145207e-09
21,HDGFL3,6.9216027,5.5533776,4.465620426102467e-12,4.54220866733443e-09
21,CD151,6.921435,5.429731,4.470909427516665e-12,4.54220866733443e-09
21,CAV2,6.913807,5.5667386,4.718165998173497e-12,4.559724503809171e-09
21,NCKAP1,6.9107056,5.422606,4.822488486490852e-12,4.559724503809171e-09
21,CTBP2,6.910119,5.1939964,4.842477973791017e-12,4.559724503809171e-09
21,CAMSAP2,6.900982,5.1342587,5.1644263264924155e-12,4.747091494299195e-09
21,BMPR2,6.8922644,4.367797,5.4911213248864764e-12,4.9300053457806354e-09
21,PTMS,6.8879895,5.490386,5.65864615139062e-12,4.9649475754678694e-09
21,NFIA,6.880026,5.1384816,5.984162611902037e-12,5.12977426332349e-09
21,UACA,6.8630934,5.6530924,6.738505551092346e-12,5.53503713415896e-09
21,CTNNA1,6.8583155,4.0372624,6.967719479194105e-12,5.6040787127868254e-09
21,STK3,6.8436465,4.3912563,7.720235179601915e-12,6.082599986606357e-09
21,LAMC1,6.834007,5.0056944,8.257520719483584e-12,6.375381972852362e-09
21,CD59,6.8283906,4.071266,8.587262668712709e-12,6.375381972852362e-09
21,VIM,6.8283906,3.881108,8.587262668712709e-12,6.375381972852362e-09
21,RCN1,6.822942,4.8345685,8.919476533828643e-12,6.497081340848842e-09
21,PLPP3,6.8188343,5.6043215,9.178207553465313e-12,6.561738533501517e-09
21,CD63,6.7816167,4.152099,1.188385069586607e-11,8.19264178508224e-09
21,SPRED1,6.7710547,4.929359,1.2784685942666721e-11,8.659045359694587e-09
21,TCF7L2,6.7653546,4.661897,1.3298296311200419e-11,8.851621161900058e-09
21,GSN,6.7446504,5.093003,1.5339613504836078e-11,9.870018649461693e-09
21,CTTNBP2NL,6.7231073,4.8709517,1.778893394975724e-11,1.1076767484908516e-08
21,MRTFB,6.71724,4.7170396,1.8519914250984644e-11,1.1255572300134309e-08
21,SERPINH1,6.7140965,4.473937,1.8923526599832953e-11,1.1255572300134309e-08
21,CST3,6.7138867,4.9877715,1.8950738214493344e-11,1.1255572300134309e-08
21,ARHGAP29,6.707558,10.151,1.9790823015010947e-11,1.1351917650702428e-08
21,ADAMTS9,6.701984,10.907952,2.0560889422376603e-11,1.1351917650702428e-08
21,CRYBG3,6.7002234,4.6092944,2.0810107344075247e-11,1.1351917650702428e-08
21,ZFPM2,6.698673,9.075092,2.103210508311254e-11,1.1351917650702428e-08
21,TNS1,6.698631,9.140354,2.1038137088564984e-11,1.1351917650702428e-08
21,ADGRA2,6.6977086,9.014762,2.117127054992941e-11,1.1351917650702428e-08
21,FSTL1,6.6951103,8.880803,2.155091838701621e-11,1.1397188428070518e-08
21,CCN1,6.6901646,9.427342,2.229197639286921e-11,1.1629784332744712e-08
21,ADAMTS1,6.681237,8.85821,2.3693318825768593e-11,1.2067159923233703e-08
21,MAGI1,6.6797705,8.560046,2.3931691028731148e-11,1.2067159923233703e-08
21,FBXL7,6.678429,8.315808,2.4151684819486926e-11,1.2067159923233703e-08
21,TNS2,6.6770463,7.4453735,2.438062669046855e-11,1.2067159923233703e-08
21,FNDC3B,6.670382,3.6194673,2.5513828091456023e-11,1.246818794049052e-08
21,RASAL2,6.6668196,7.8195496,2.6140612660848425e-11,1.261480615480893e-08
21,EMP2,6.652444,6.861667,2.8826600812916152e-11,1.3625861124087618e-08
21,RAI14,6.649636,7.4631076,2.938194578396108e-11,1.3625861124087618e-08
21,CDC42BPB,6.6478333,3.928846,2.974386379219737e-11,1.3625861124087618e-08
21,NECTIN2,6.645193,6.370358,3.0282007484035715e-11,1.3625861124087618e-08
21,MGP,6.6425104,8.507549,3.083844781057702e-11,1.3625861124087618e-08
21,DSTN,6.638864,3.687845,3.161093423095948e-11,1.3625861124087618e-08
21,ROCK2,6.6376486,3.5968382,3.187261381406902e-11,1.3625861124087618e-08
21,SASH1,6.636894,7.257632,3.203610070963465e-11,1.3625861124087618e-08
21,NES,6.636517,6.8487024,3.2118151642023865e-11,1.3625861124087618e-08
21,CFI,6.636517,7.051377,3.2118151642023865e-11,1.3625861124087618e-08
21,RBFOX2,6.634254,3.2686872,3.261479375719325e-11,1.3686160084676113e-08
21,RRBP1,6.6298113,3.5222871,3.361163693401729e-11,1.3952804897577113e-08
21,CSRP2,6.6277156,6.9022746,3.409213613527045e-11,1.4001712847215436e-08
21,CDC42BPA,6.6223507,6.6194396,3.5353054831289566e-11,1.433855817740449e-08
21,RAC1,6.619501,2.7976027,3.604136491875599e-11,1.4344463237664885e-08
21,PIK3R3,6.600892,6.905171,4.086913166710598e-11,1.6099935685105034e-08
21,GNG12,6.5919228,6.502234,4.34166387891085e-11,1.6930734920124475e-08
21,A2M,6.584504,7.0077963,4.5640533012692254e-11,1.7407199027976643e-08
21,PTPRM,6.583708,6.63123,4.588577859229512e-11,1.7407199027976643e-08
21,PPFIBP1,6.58199,4.2651,4.6419393833395626e-11,1.7407199027976643e-08
21,UGGT2,6.581864,6.063364,4.64586763474246e-11,1.7407199027976643e-08
21,EMP1,6.5804806,6.801545,4.6892936302895175e-11,1.7407199027976643e-08
21,TANC1,6.566985,6.272082,5.134416954848541e-11,1.862932716479679e-08
21,CYB5R3,6.564764,3.2432065,5.211540521675525e-11,1.862932716479679e-08
21,TTC28,6.5631294,6.0502315,5.2690144542453446e-11,1.866197908445833e-08
